[debug] [2026-06-11T02:16:37.216Z] ----------------------------------------------------------------------
[debug] [2026-06-11T02:16:37.219Z] Command:       /Users/leonardoribeiro/.nvm/versions/node/v22.21.1/bin/node /Users/leonardoribeiro/.nvm/versions/node/v22.21.1/bin/firebase deploy --only functions:atualizarPlaylistYoutube
[debug] [2026-06-11T02:16:37.219Z] CLI Version:   15.9.1
[debug] [2026-06-11T02:16:37.220Z] Platform:      darwin
[debug] [2026-06-11T02:16:37.220Z] Node Version:  v22.21.1
[debug] [2026-06-11T02:16:37.220Z] Time:          Wed Jun 10 2026 23:16:37 GMT-0300 (Horário Padrão de Brasília)
[debug] [2026-06-11T02:16:37.220Z] ----------------------------------------------------------------------
[debug] 
[debug] [2026-06-11T02:16:39.197Z] > command requires scopes: ["email","openid","https://www.googleapis.com/auth/cloudplatformprojects.readonly","https://www.googleapis.com/auth/firebase","https://www.googleapis.com/auth/cloud-platform"]
[debug] [2026-06-11T02:16:39.198Z] > authorizing via signed-in user (blutecnologiasbr@gmail.com)
[debug] [2026-06-11T02:16:39.198Z] [iam] checking project blu-app-camara for permissions ["cloudfunctions.functions.create","cloudfunctions.functions.delete","cloudfunctions.functions.get","cloudfunctions.functions.list","cloudfunctions.functions.update","cloudfunctions.operations.get","firebase.projects.get"]
[debug] [2026-06-11T02:16:39.200Z] Checked if tokens are valid: true, expires at: 1781145571599
[debug] [2026-06-11T02:16:39.200Z] Checked if tokens are valid: true, expires at: 1781145571599
[debug] [2026-06-11T02:16:39.202Z] >>> [apiv2][query] POST https://cloudresourcemanager.googleapis.com/v1/projects/blu-app-camara:testIamPermissions [none]
[debug] [2026-06-11T02:16:39.202Z] >>> [apiv2][(partial)header] POST https://cloudresourcemanager.googleapis.com/v1/projects/blu-app-camara:testIamPermissions  x-goog-user-project=blu-app-camara
[debug] [2026-06-11T02:16:39.202Z] >>> [apiv2][body] POST https://cloudresourcemanager.googleapis.com/v1/projects/blu-app-camara:testIamPermissions {"permissions":["cloudfunctions.functions.create","cloudfunctions.functions.delete","cloudfunctions.functions.get","cloudfunctions.functions.list","cloudfunctions.functions.update","cloudfunctions.operations.get","firebase.projects.get"]}
[debug] [2026-06-11T02:16:40.248Z] <<< [apiv2][status] POST https://cloudresourcemanager.googleapis.com/v1/projects/blu-app-camara:testIamPermissions 200
[debug] [2026-06-11T02:16:40.249Z] <<< [apiv2][body] POST https://cloudresourcemanager.googleapis.com/v1/projects/blu-app-camara:testIamPermissions {"permissions":["cloudfunctions.functions.create","cloudfunctions.functions.delete","cloudfunctions.functions.get","cloudfunctions.functions.list","cloudfunctions.functions.update","cloudfunctions.operations.get","firebase.projects.get"]}
[debug] [2026-06-11T02:16:40.251Z] Checked if tokens are valid: true, expires at: 1781145571599
[debug] [2026-06-11T02:16:40.251Z] Checked if tokens are valid: true, expires at: 1781145571599
[debug] [2026-06-11T02:16:40.251Z] >>> [apiv2][query] POST https://iam.googleapis.com/v1/projects/blu-app-camara/serviceAccounts/blu-app-camara@appspot.gserviceaccount.com:testIamPermissions [none]
[debug] [2026-06-11T02:16:40.252Z] >>> [apiv2][body] POST https://iam.googleapis.com/v1/projects/blu-app-camara/serviceAccounts/blu-app-camara@appspot.gserviceaccount.com:testIamPermissions {"permissions":["iam.serviceAccounts.actAs"]}
[debug] [2026-06-11T02:16:41.243Z] <<< [apiv2][status] POST https://iam.googleapis.com/v1/projects/blu-app-camara/serviceAccounts/blu-app-camara@appspot.gserviceaccount.com:testIamPermissions 200
[debug] [2026-06-11T02:16:41.246Z] <<< [apiv2][body] POST https://iam.googleapis.com/v1/projects/blu-app-camara/serviceAccounts/blu-app-camara@appspot.gserviceaccount.com:testIamPermissions {"permissions":["iam.serviceAccounts.actAs"]}
[info] 
[info] === Deploying to 'blu-app-camara'...
[info] 
[info] i  deploying functions 
[info] Running command: npm --prefix "$RESOURCE_DIR" run build
[info] ✔  functions: Finished running predeploy script. 
[debug] [2026-06-11T02:16:57.470Z] Checked if tokens are valid: true, expires at: 1781145571599
[debug] [2026-06-11T02:16:57.470Z] Checked if tokens are valid: true, expires at: 1781145571599
[debug] [2026-06-11T02:16:57.470Z] >>> [apiv2][query] GET https://cloudresourcemanager.googleapis.com/v1/projects/blu-app-camara [none]
[debug] [2026-06-11T02:16:58.523Z] <<< [apiv2][status] GET https://cloudresourcemanager.googleapis.com/v1/projects/blu-app-camara 200
[debug] [2026-06-11T02:16:58.525Z] <<< [apiv2][body] GET https://cloudresourcemanager.googleapis.com/v1/projects/blu-app-camara {"projectNumber":"1070248841383","projectId":"blu-app-camara","lifecycleState":"ACTIVE","name":"blu-app-camara","labels":{"firebase":"enabled","firebase-core":"disabled"},"createTime":"2026-03-10T15:40:34.801998Z"}
[info] i  functions: preparing codebase default for deployment 
[info] i  functions: ensuring required API cloudfunctions.googleapis.com is enabled... 
[info] i  functions: ensuring required API cloudbuild.googleapis.com is enabled... 
[info] i  artifactregistry: ensuring required API artifactregistry.googleapis.com is enabled... 
[debug] [2026-06-11T02:16:58.538Z] Checked if tokens are valid: true, expires at: 1781145571599
[debug] [2026-06-11T02:16:58.538Z] Checked if tokens are valid: true, expires at: 1781145571599
[debug] [2026-06-11T02:16:58.540Z] >>> [apiv2][query] GET https://firebase.googleapis.com/v1beta1/projects/blu-app-camara/adminSdkConfig [none]
[debug] [2026-06-11T02:16:59.244Z] <<< [apiv2][status] GET https://firebase.googleapis.com/v1beta1/projects/blu-app-camara/adminSdkConfig 200
[debug] [2026-06-11T02:16:59.245Z] <<< [apiv2][body] GET https://firebase.googleapis.com/v1beta1/projects/blu-app-camara/adminSdkConfig {"projectId":"blu-app-camara","databaseURL":"https://blu-app-camara-default-rtdb.firebaseio.com","storageBucket":"blu-app-camara.firebasestorage.app"}
[debug] [2026-06-11T02:16:59.247Z] Checked if tokens are valid: true, expires at: 1781145571599
[debug] [2026-06-11T02:16:59.247Z] Checked if tokens are valid: true, expires at: 1781145571599
[debug] [2026-06-11T02:16:59.247Z] >>> [apiv2][query] GET https://runtimeconfig.googleapis.com/v1beta1/projects/blu-app-camara/configs [none]
[debug] [2026-06-11T02:17:00.550Z] <<< [apiv2][status] GET https://runtimeconfig.googleapis.com/v1beta1/projects/blu-app-camara/configs 200
[debug] [2026-06-11T02:17:00.550Z] <<< [apiv2][body] GET https://runtimeconfig.googleapis.com/v1beta1/projects/blu-app-camara/configs {"configs":[{"name":"projects/blu-app-camara/configs/gmail"}]}
[debug] [2026-06-11T02:17:00.551Z] Checked if tokens are valid: true, expires at: 1781145571599
[debug] [2026-06-11T02:17:00.552Z] Checked if tokens are valid: true, expires at: 1781145571599
[debug] [2026-06-11T02:17:00.552Z] >>> [apiv2][query] GET https://runtimeconfig.googleapis.com/v1beta1/projects/blu-app-camara/configs/gmail/variables [none]
[debug] [2026-06-11T02:17:01.563Z] <<< [apiv2][status] GET https://runtimeconfig.googleapis.com/v1beta1/projects/blu-app-camara/configs/gmail/variables 200
[debug] [2026-06-11T02:17:01.563Z] <<< [apiv2][body] GET https://runtimeconfig.googleapis.com/v1beta1/projects/blu-app-camara/configs/gmail/variables {"variables":[{"name":"projects/blu-app-camara/configs/gmail/variables/email","updateTime":"2026-03-30T13:53:00.694315460Z"},{"name":"projects/blu-app-camara/configs/gmail/variables/password","updateTime":"2026-03-11T18:12:49.976064977Z"}]}
[debug] [2026-06-11T02:17:01.564Z] Checked if tokens are valid: true, expires at: 1781145571599
[debug] [2026-06-11T02:17:01.564Z] Checked if tokens are valid: true, expires at: 1781145571599
[debug] [2026-06-11T02:17:01.564Z] Checked if tokens are valid: true, expires at: 1781145571599
[debug] [2026-06-11T02:17:01.564Z] Checked if tokens are valid: true, expires at: 1781145571599
[debug] [2026-06-11T02:17:01.564Z] >>> [apiv2][query] GET https://runtimeconfig.googleapis.com/v1beta1/projects/blu-app-camara/configs/gmail/variables/email [none]
[debug] [2026-06-11T02:17:01.566Z] >>> [apiv2][query] GET https://runtimeconfig.googleapis.com/v1beta1/projects/blu-app-camara/configs/gmail/variables/password [none]
[debug] [2026-06-11T02:17:02.067Z] <<< [apiv2][status] GET https://runtimeconfig.googleapis.com/v1beta1/projects/blu-app-camara/configs/gmail/variables/password 200
[debug] [2026-06-11T02:17:02.068Z] <<< [apiv2][body] GET https://runtimeconfig.googleapis.com/v1beta1/projects/blu-app-camara/configs/gmail/variables/password {"name":"projects/blu-app-camara/configs/gmail/variables/password","updateTime":"2026-03-11T18:12:49.976064977Z","text":"tbqxljgdlhotvjek"}
[debug] [2026-06-11T02:17:02.573Z] <<< [apiv2][status] GET https://runtimeconfig.googleapis.com/v1beta1/projects/blu-app-camara/configs/gmail/variables/email 200
[debug] [2026-06-11T02:17:02.574Z] <<< [apiv2][body] GET https://runtimeconfig.googleapis.com/v1beta1/projects/blu-app-camara/configs/gmail/variables/email {"name":"projects/blu-app-camara/configs/gmail/variables/email","updateTime":"2026-03-30T13:53:00.694315460Z","text":"blutecnologiasbr@gmail.com"}
[debug] [2026-06-11T02:17:02.582Z] Validating nodejs source
[warn] ⚠  functions: Runtime Node.js 20 was deprecated on 2026-04-30 and will be decommissioned on 2026-10-30, after which you will not be able to deploy without upgrading. Consider upgrading now to avoid disruption. See https://cloud.google.com/functions/docs/runtime-support for full details on the lifecycle policy 
[warn] ⚠  functions: package.json indicates an outdated version of firebase-functions. Please upgrade using npm install --save firebase-functions@latest in your functions directory. 
[warn] ⚠  functions: Please note that there will be breaking changes when you upgrade. 
[debug] [2026-06-11T02:17:04.231Z] > [functions] package.json contents: {
  "name": "functions",
  "description": "Cloud Functions for Firebase",
  "scripts": {
    "build": "tsc",
    "lint": "eslint .",
    "serve": "firebase serve --only functions",
    "shell": "firebase functions:shell",
    "start": "npm run shell",
    "deploy": "firebase deploy --only functions",
    "logs": "firebase functions:log"
  },
  "engines": {
    "node": "20"
  },
  "dependencies": {
    "axios": "^1.6.0",
    "fast-xml-parser": "^5.8.0",
    "firebase-admin": "^12.0.0",
    "firebase-functions": "^5.0.0",
    "googleapis": "^173.0.0",
    "nodemailer": "^8.0.3"
  },
  "devDependencies": {
    "@types/node": "^20.19.43",
    "eslint": "^8.9.0",
    "eslint-config-google": "^0.14.0",
    "firebase-functions-test": "^3.1.0",
    "typescript": "^6.0.3"
  },
  "private": true
}
[debug] [2026-06-11T02:17:04.232Z] Building nodejs source
[info] i  functions: Loading and analyzing source code for codebase default to determine what to deploy 
[debug] [2026-06-11T02:17:04.234Z] Could not find functions.yaml. Must use http discovery
[debug] [2026-06-11T02:17:04.252Z] Found firebase-functions binary at '/Users/leonardoribeiro/Documents/BluTecnologias/Developer/blu-app-camaras/functions/node_modules/.bin/firebase-functions'
[info] Serving at port 8300

[debug] [2026-06-11T02:17:07.110Z] Got response from /__/functions.yaml {"endpoints":{"handlePanicAlert":{"availableMemoryMb":null,"timeoutSeconds":null,"minInstances":null,"maxInstances":null,"ingressSettings":null,"concurrency":null,"serviceAccountEmail":null,"vpc":null,"platform":"gcfv2","secretEnvironmentVariables":[{"key":"GMAIL_APP_PASSWORD"}],"labels":{},"eventTrigger":{"eventType":"google.cloud.firestore.document.v1.created","eventFilters":{"database":"(default)","namespace":"(default)"},"eventFilterPathPatterns":{"document":"panic-alerts/{alertId}"},"retry":false},"entryPoint":"handlePanicAlert"},"sendPushNotificationFirestore":{"availableMemoryMb":null,"timeoutSeconds":null,"minInstances":null,"maxInstances":null,"ingressSettings":null,"concurrency":null,"serviceAccountEmail":null,"vpc":null,"platform":"gcfv2","labels":{},"eventTrigger":{"eventType":"google.cloud.firestore.document.v1.created","eventFilters":{"database":"(default)","namespace":"(default)"},"eventFilterPathPatterns":{"document":"notifications/{notificationId}"},"retry":false},"entryPoint":"sendPushNotificationFirestore"},"onBalcaoCidadaoUpdate":{"availableMemoryMb":null,"timeoutSeconds":null,"minInstances":null,"maxInstances":null,"ingressSettings":null,"concurrency":null,"serviceAccountEmail":null,"vpc":null,"platform":"gcfv2","labels":{},"eventTrigger":{"eventType":"google.cloud.firestore.document.v1.updated","eventFilters":{"database":"(default)","namespace":"(default)"},"eventFilterPathPatterns":{"document":"balcao-cidadao/{id}"},"retry":false},"entryPoint":"onBalcaoCidadaoUpdate"},"sendMailOnNewRequest":{"availableMemoryMb":null,"timeoutSeconds":null,"minInstances":null,"maxInstances":null,"ingressSettings":null,"concurrency":null,"serviceAccountEmail":null,"vpc":null,"platform":"gcfv2","secretEnvironmentVariables":[{"key":"GMAIL_APP_PASSWORD"}],"labels":{},"eventTrigger":{"eventType":"google.cloud.firestore.document.v1.created","eventFilters":{"database":"(default)","namespace":"(default)"},"eventFilterPathPatterns":{"document":"mail/{mailId}"},"retry":false},"entryPoint":"sendMailOnNewRequest"},"cleanupExpiredRequests":{"availableMemoryMb":null,"timeoutSeconds":null,"minInstances":null,"maxInstances":null,"ingressSettings":null,"concurrency":null,"serviceAccountEmail":null,"vpc":null,"platform":"gcfv2","labels":{},"scheduleTrigger":{"schedule":"every 1 hours","retryConfig":{"retryCount":null,"maxDoublings":null,"maxRetrySeconds":null,"minBackoffSeconds":null,"maxBackoffSeconds":null},"timeZone":null},"entryPoint":"cleanupExpiredRequests"},"onOuvidoriaUpdate":{"availableMemoryMb":null,"timeoutSeconds":null,"minInstances":null,"maxInstances":null,"ingressSettings":null,"concurrency":null,"serviceAccountEmail":null,"vpc":null,"platform":"gcfv2","labels":{},"eventTrigger":{"eventType":"google.cloud.firestore.document.v1.updated","eventFilters":{"database":"(default)","namespace":"(default)"},"eventFilterPathPatterns":{"document":"ouvidoria/{id}"},"retry":false},"entryPoint":"onOuvidoriaUpdate"},"notifyUsersOnNewsPublished":{"availableMemoryMb":null,"timeoutSeconds":null,"minInstances":null,"maxInstances":null,"ingressSettings":null,"concurrency":null,"serviceAccountEmail":null,"vpc":null,"platform":"gcfv2","labels":{},"eventTrigger":{"eventType":"google.cloud.firestore.document.v1.written","eventFilters":{"database":"(default)","namespace":"(default)"},"eventFilterPathPatterns":{"document":"noticias/{noticiaId}"},"retry":false},"entryPoint":"notifyUsersOnNewsPublished"},"onProcuradoriaMulherUpdate":{"availableMemoryMb":null,"timeoutSeconds":null,"minInstances":null,"maxInstances":null,"ingressSettings":null,"concurrency":null,"serviceAccountEmail":null,"vpc":null,"platform":"gcfv2","labels":{},"eventTrigger":{"eventType":"google.cloud.firestore.document.v1.updated","eventFilters":{"database":"(default)","namespace":"(default)"},"eventFilterPathPatterns":{"document":"procuradoria-mulher/{id}"},"retry":false},"entryPoint":"onProcuradoriaMulherUpdate"},"youtubeChannelWebhook":{"availableMemoryMb":null,"timeoutSeconds":null,"minInstances":null,"maxInstances":null,"ingressSettings":null,"concurrency":null,"serviceAccountEmail":null,"vpc":null,"platform":"gcfv2","region":["southamerica-east1"],"secretEnvironmentVariables":[{"key":"YOUTUBE_CLIENT_ID"},{"key":"YOUTUBE_CLIENT_SECRET"},{"key":"YOUTUBE_REFRESH_TOKEN"},{"key":"YOUTUBE_CHANNEL_ID"},{"key":"YOUTUBE_PLAYLIST_ID"},{"key":"YOUTUBE_WEBHOOK_VERIFY_TOKEN"}],"labels":{},"httpsTrigger":{},"entryPoint":"youtubeChannelWebhook"},"renovarWebhookYoutube":{"availableMemoryMb":null,"timeoutSeconds":null,"minInstances":null,"maxInstances":null,"ingressSettings":null,"concurrency":null,"serviceAccountEmail":null,"vpc":null,"platform":"gcfv2","region":["southamerica-east1"],"secretEnvironmentVariables":[{"key":"YOUTUBE_CHANNEL_ID"},{"key":"YOUTUBE_WEBHOOK_VERIFY_TOKEN"}],"labels":{},"scheduleTrigger":{"schedule":"0 3 */3 * *","retryConfig":{},"timeZone":"America/Fortaleza"},"entryPoint":"renovarWebhookYoutube"},"listarVideosTvCamara":{"availableMemoryMb":null,"timeoutSeconds":null,"minInstances":null,"maxInstances":null,"ingressSettings":null,"concurrency":null,"serviceAccountEmail":null,"vpc":null,"platform":"gcfv2","region":["southamerica-east1"],"secretEnvironmentVariables":[{"key":"YOUTUBE_CLIENT_ID"},{"key":"YOUTUBE_CLIENT_SECRET"},{"key":"YOUTUBE_REFRESH_TOKEN"},{"key":"YOUTUBE_PLAYLIST_ID"}],"labels":{},"httpsTrigger":{},"entryPoint":"listarVideosTvCamara"},"atualizarPlaylistYoutube":{"availableMemoryMb":null,"timeoutSeconds":null,"minInstances":null,"maxInstances":null,"ingressSettings":null,"concurrency":null,"serviceAccountEmail":null,"vpc":null,"platform":"gcfv2","region":["southamerica-east1"],"secretEnvironmentVariables":[{"key":"YOUTUBE_CLIENT_ID"},{"key":"YOUTUBE_CLIENT_SECRET"},{"key":"YOUTUBE_REFRESH_TOKEN"},{"key":"YOUTUBE_CHANNEL_ID"},{"key":"YOUTUBE_PLAYLIST_ID"}],"labels":{},"scheduleTrigger":{"schedule":"0 6 * * *","retryConfig":{},"timeZone":"America/Fortaleza"},"entryPoint":"atualizarPlaylistYoutube"}},"specVersion":"v1alpha1","requiredAPIs":[{"api":"cloudscheduler.googleapis.com","reason":"Needed for scheduled functions."}],"extensions":{},"params":[{"name":"GMAIL_EMAIL","type":"string","default":"blutecnologiasbr@gmail.com"},{"type":"secret","name":"GMAIL_APP_PASSWORD"},{"type":"secret","name":"YOUTUBE_CLIENT_ID"},{"type":"secret","name":"YOUTUBE_CLIENT_SECRET"},{"type":"secret","name":"YOUTUBE_REFRESH_TOKEN"},{"type":"secret","name":"YOUTUBE_CHANNEL_ID"},{"type":"secret","name":"YOUTUBE_PLAYLIST_ID"},{"type":"secret","name":"YOUTUBE_WEBHOOK_VERIFY_TOKEN"}]}
[info] i  extensions: ensuring required API firebaseextensions.googleapis.com is enabled... 
[debug] [2026-06-11T02:17:11.262Z] > command requires scopes: ["email","openid","https://www.googleapis.com/auth/cloudplatformprojects.readonly","https://www.googleapis.com/auth/firebase","https://www.googleapis.com/auth/cloud-platform"]
[debug] [2026-06-11T02:17:11.262Z] > authorizing via signed-in user (blutecnologiasbr@gmail.com)
[debug] [2026-06-11T02:17:11.262Z] [iam] checking project blu-app-camara for permissions ["firebase.projects.get","firebaseextensions.instances.list"]
[debug] [2026-06-11T02:17:11.263Z] Checked if tokens are valid: true, expires at: 1781145571599
[debug] [2026-06-11T02:17:11.263Z] Checked if tokens are valid: true, expires at: 1781145571599
[debug] [2026-06-11T02:17:11.264Z] >>> [apiv2][query] POST https://cloudresourcemanager.googleapis.com/v1/projects/blu-app-camara:testIamPermissions [none]
[debug] [2026-06-11T02:17:11.264Z] >>> [apiv2][(partial)header] POST https://cloudresourcemanager.googleapis.com/v1/projects/blu-app-camara:testIamPermissions  x-goog-user-project=blu-app-camara
[debug] [2026-06-11T02:17:11.264Z] >>> [apiv2][body] POST https://cloudresourcemanager.googleapis.com/v1/projects/blu-app-camara:testIamPermissions {"permissions":["firebase.projects.get","firebaseextensions.instances.list"]}
[debug] [2026-06-11T02:17:12.406Z] <<< [apiv2][status] POST https://cloudresourcemanager.googleapis.com/v1/projects/blu-app-camara:testIamPermissions 200
[debug] [2026-06-11T02:17:12.410Z] <<< [apiv2][body] POST https://cloudresourcemanager.googleapis.com/v1/projects/blu-app-camara:testIamPermissions {"permissions":["firebase.projects.get","firebaseextensions.instances.list"]}
[debug] [2026-06-11T02:17:12.413Z] Checked if tokens are valid: true, expires at: 1781145571599
[debug] [2026-06-11T02:17:12.413Z] Checked if tokens are valid: true, expires at: 1781145571599
[debug] [2026-06-11T02:17:12.413Z] >>> [apiv2][query] GET https://firebaseextensions.googleapis.com/v1beta/projects/blu-app-camara/instances pageSize=100&pageToken=
[debug] [2026-06-11T02:17:13.593Z] <<< [apiv2][status] GET https://firebaseextensions.googleapis.com/v1beta/projects/blu-app-camara/instances 200
[debug] [2026-06-11T02:17:13.595Z] <<< [apiv2][body] GET https://firebaseextensions.googleapis.com/v1beta/projects/blu-app-camara/instances {}
[info] i  functions: Loaded environment variables from .env.blu-app-camara. 
[debug] [2026-06-11T02:17:13.613Z] Checked if tokens are valid: true, expires at: 1781145571599
[debug] [2026-06-11T02:17:13.613Z] Checked if tokens are valid: true, expires at: 1781145571599
[debug] [2026-06-11T02:17:13.614Z] >>> [apiv2][query] GET https://secretmanager.googleapis.com/v1/projects/blu-app-camara/secrets/GMAIL_APP_PASSWORD [none]
[debug] [2026-06-11T02:17:14.535Z] <<< [apiv2][status] GET https://secretmanager.googleapis.com/v1/projects/blu-app-camara/secrets/GMAIL_APP_PASSWORD 200
[debug] [2026-06-11T02:17:14.536Z] <<< [apiv2][body] GET https://secretmanager.googleapis.com/v1/projects/blu-app-camara/secrets/GMAIL_APP_PASSWORD {"name":"projects/1070248841383/secrets/GMAIL_APP_PASSWORD","replication":{"automatic":{}},"createTime":"2026-03-30T13:55:30.379928Z","labels":{"firebase-managed":"functions"},"etag":"\"164e3e344fc230\""}
[debug] [2026-06-11T02:17:14.540Z] Checked if tokens are valid: true, expires at: 1781145571599
[debug] [2026-06-11T02:17:14.540Z] Checked if tokens are valid: true, expires at: 1781145571599
[debug] [2026-06-11T02:17:14.541Z] >>> [apiv2][query] GET https://secretmanager.googleapis.com/v1/projects/blu-app-camara/secrets/GMAIL_APP_PASSWORD/versions/latest [none]
[debug] [2026-06-11T02:17:14.862Z] <<< [apiv2][status] GET https://secretmanager.googleapis.com/v1/projects/blu-app-camara/secrets/GMAIL_APP_PASSWORD/versions/latest 200
[debug] [2026-06-11T02:17:14.862Z] <<< [apiv2][body] GET https://secretmanager.googleapis.com/v1/projects/blu-app-camara/secrets/GMAIL_APP_PASSWORD/versions/latest {"name":"projects/1070248841383/secrets/GMAIL_APP_PASSWORD/versions/1","createTime":"2026-03-30T13:55:40.615881Z","state":"ENABLED","replicationStatus":{"automatic":{}},"etag":"\"164e3e34c654c9\""}
[debug] [2026-06-11T02:17:14.863Z] Checked if tokens are valid: true, expires at: 1781145571599
[debug] [2026-06-11T02:17:14.863Z] Checked if tokens are valid: true, expires at: 1781145571599
[debug] [2026-06-11T02:17:14.863Z] >>> [apiv2][query] GET https://secretmanager.googleapis.com/v1/projects/blu-app-camara/secrets/YOUTUBE_CLIENT_ID [none]
[debug] [2026-06-11T02:17:15.170Z] <<< [apiv2][status] GET https://secretmanager.googleapis.com/v1/projects/blu-app-camara/secrets/YOUTUBE_CLIENT_ID 200
[debug] [2026-06-11T02:17:15.171Z] <<< [apiv2][body] GET https://secretmanager.googleapis.com/v1/projects/blu-app-camara/secrets/YOUTUBE_CLIENT_ID {"name":"projects/1070248841383/secrets/YOUTUBE_CLIENT_ID","replication":{"automatic":{}},"createTime":"2026-06-11T01:41:25.042698Z","labels":{"firebase-managed":"functions"},"etag":"\"1653f07557bc88\""}
[debug] [2026-06-11T02:17:15.171Z] Checked if tokens are valid: true, expires at: 1781145571599
[debug] [2026-06-11T02:17:15.172Z] Checked if tokens are valid: true, expires at: 1781145571599
[debug] [2026-06-11T02:17:15.172Z] >>> [apiv2][query] GET https://secretmanager.googleapis.com/v1/projects/blu-app-camara/secrets/YOUTUBE_CLIENT_ID/versions/latest [none]
[debug] [2026-06-11T02:17:15.506Z] <<< [apiv2][status] GET https://secretmanager.googleapis.com/v1/projects/blu-app-camara/secrets/YOUTUBE_CLIENT_ID/versions/latest 200
[debug] [2026-06-11T02:17:15.506Z] <<< [apiv2][body] GET https://secretmanager.googleapis.com/v1/projects/blu-app-camara/secrets/YOUTUBE_CLIENT_ID/versions/latest {"name":"projects/1070248841383/secrets/YOUTUBE_CLIENT_ID/versions/1","createTime":"2026-06-11T01:42:02.927539Z","state":"ENABLED","replicationStatus":{"automatic":{}},"etag":"\"1653f0778815b3\""}
[debug] [2026-06-11T02:17:15.507Z] Checked if tokens are valid: true, expires at: 1781145571599
[debug] [2026-06-11T02:17:15.507Z] Checked if tokens are valid: true, expires at: 1781145571599
[debug] [2026-06-11T02:17:15.507Z] >>> [apiv2][query] GET https://secretmanager.googleapis.com/v1/projects/blu-app-camara/secrets/YOUTUBE_CLIENT_SECRET [none]
[debug] [2026-06-11T02:17:15.807Z] <<< [apiv2][status] GET https://secretmanager.googleapis.com/v1/projects/blu-app-camara/secrets/YOUTUBE_CLIENT_SECRET 200
[debug] [2026-06-11T02:17:15.807Z] <<< [apiv2][body] GET https://secretmanager.googleapis.com/v1/projects/blu-app-camara/secrets/YOUTUBE_CLIENT_SECRET {"name":"projects/1070248841383/secrets/YOUTUBE_CLIENT_SECRET","replication":{"automatic":{}},"createTime":"2026-06-11T01:42:08.865265Z","labels":{"firebase-managed":"functions"},"etag":"\"1653f077fbac6a\""}
[debug] [2026-06-11T02:17:15.807Z] Checked if tokens are valid: true, expires at: 1781145571599
[debug] [2026-06-11T02:17:15.808Z] Checked if tokens are valid: true, expires at: 1781145571599
[debug] [2026-06-11T02:17:15.808Z] >>> [apiv2][query] GET https://secretmanager.googleapis.com/v1/projects/blu-app-camara/secrets/YOUTUBE_CLIENT_SECRET/versions/latest [none]
[debug] [2026-06-11T02:17:16.103Z] <<< [apiv2][status] GET https://secretmanager.googleapis.com/v1/projects/blu-app-camara/secrets/YOUTUBE_CLIENT_SECRET/versions/latest 200
[debug] [2026-06-11T02:17:16.103Z] <<< [apiv2][body] GET https://secretmanager.googleapis.com/v1/projects/blu-app-camara/secrets/YOUTUBE_CLIENT_SECRET/versions/latest {"name":"projects/1070248841383/secrets/YOUTUBE_CLIENT_SECRET/versions/1","createTime":"2026-06-11T01:42:33.611146Z","state":"ENABLED","replicationStatus":{"automatic":{}},"etag":"\"1653f0795c478a\""}
[debug] [2026-06-11T02:17:16.104Z] Checked if tokens are valid: true, expires at: 1781145571599
[debug] [2026-06-11T02:17:16.104Z] Checked if tokens are valid: true, expires at: 1781145571599
[debug] [2026-06-11T02:17:16.104Z] >>> [apiv2][query] GET https://secretmanager.googleapis.com/v1/projects/blu-app-camara/secrets/YOUTUBE_REFRESH_TOKEN [none]
[debug] [2026-06-11T02:17:16.418Z] <<< [apiv2][status] GET https://secretmanager.googleapis.com/v1/projects/blu-app-camara/secrets/YOUTUBE_REFRESH_TOKEN 200
[debug] [2026-06-11T02:17:16.419Z] <<< [apiv2][body] GET https://secretmanager.googleapis.com/v1/projects/blu-app-camara/secrets/YOUTUBE_REFRESH_TOKEN {"name":"projects/1070248841383/secrets/YOUTUBE_REFRESH_TOKEN","replication":{"automatic":{}},"createTime":"2026-06-11T01:42:39.975596Z","labels":{"firebase-managed":"functions"},"etag":"\"1653f079d2f64a\""}
[debug] [2026-06-11T02:17:16.420Z] Checked if tokens are valid: true, expires at: 1781145571599
[debug] [2026-06-11T02:17:16.420Z] Checked if tokens are valid: true, expires at: 1781145571599
[debug] [2026-06-11T02:17:16.420Z] >>> [apiv2][query] GET https://secretmanager.googleapis.com/v1/projects/blu-app-camara/secrets/YOUTUBE_REFRESH_TOKEN/versions/latest [none]
[debug] [2026-06-11T02:17:16.734Z] <<< [apiv2][status] GET https://secretmanager.googleapis.com/v1/projects/blu-app-camara/secrets/YOUTUBE_REFRESH_TOKEN/versions/latest 200
[debug] [2026-06-11T02:17:16.734Z] <<< [apiv2][body] GET https://secretmanager.googleapis.com/v1/projects/blu-app-camara/secrets/YOUTUBE_REFRESH_TOKEN/versions/latest {"name":"projects/1070248841383/secrets/YOUTUBE_REFRESH_TOKEN/versions/1","createTime":"2026-06-11T01:52:18.175042Z","state":"ENABLED","replicationStatus":{"automatic":{}},"etag":"\"1653f09c340442\""}
[debug] [2026-06-11T02:17:16.734Z] Checked if tokens are valid: true, expires at: 1781145571599
[debug] [2026-06-11T02:17:16.734Z] Checked if tokens are valid: true, expires at: 1781145571599
[debug] [2026-06-11T02:17:16.734Z] >>> [apiv2][query] GET https://secretmanager.googleapis.com/v1/projects/blu-app-camara/secrets/YOUTUBE_CHANNEL_ID [none]
[debug] [2026-06-11T02:17:17.101Z] <<< [apiv2][status] GET https://secretmanager.googleapis.com/v1/projects/blu-app-camara/secrets/YOUTUBE_CHANNEL_ID 200
[debug] [2026-06-11T02:17:17.101Z] <<< [apiv2][body] GET https://secretmanager.googleapis.com/v1/projects/blu-app-camara/secrets/YOUTUBE_CHANNEL_ID {"name":"projects/1070248841383/secrets/YOUTUBE_CHANNEL_ID","replication":{"automatic":{}},"createTime":"2026-06-11T01:56:20.155253Z","labels":{"firebase-managed":"functions"},"etag":"\"1653f0aab25b9e\""}
[debug] [2026-06-11T02:17:17.102Z] Checked if tokens are valid: true, expires at: 1781145571599
[debug] [2026-06-11T02:17:17.102Z] Checked if tokens are valid: true, expires at: 1781145571599
[debug] [2026-06-11T02:17:17.102Z] >>> [apiv2][query] GET https://secretmanager.googleapis.com/v1/projects/blu-app-camara/secrets/YOUTUBE_CHANNEL_ID/versions/latest [none]
[debug] [2026-06-11T02:17:17.390Z] <<< [apiv2][status] GET https://secretmanager.googleapis.com/v1/projects/blu-app-camara/secrets/YOUTUBE_CHANNEL_ID/versions/latest 200
[debug] [2026-06-11T02:17:17.391Z] <<< [apiv2][body] GET https://secretmanager.googleapis.com/v1/projects/blu-app-camara/secrets/YOUTUBE_CHANNEL_ID/versions/latest {"name":"projects/1070248841383/secrets/YOUTUBE_CHANNEL_ID/versions/1","createTime":"2026-06-11T01:56:23.692184Z","state":"ENABLED","replicationStatus":{"automatic":{}},"etag":"\"1653f0aad64f98\""}
[debug] [2026-06-11T02:17:17.391Z] Checked if tokens are valid: true, expires at: 1781145571599
[debug] [2026-06-11T02:17:17.391Z] Checked if tokens are valid: true, expires at: 1781145571599
[debug] [2026-06-11T02:17:17.391Z] >>> [apiv2][query] GET https://secretmanager.googleapis.com/v1/projects/blu-app-camara/secrets/YOUTUBE_PLAYLIST_ID [none]
[debug] [2026-06-11T02:17:17.702Z] <<< [apiv2][status] GET https://secretmanager.googleapis.com/v1/projects/blu-app-camara/secrets/YOUTUBE_PLAYLIST_ID 200
[debug] [2026-06-11T02:17:17.702Z] <<< [apiv2][body] GET https://secretmanager.googleapis.com/v1/projects/blu-app-camara/secrets/YOUTUBE_PLAYLIST_ID {"name":"projects/1070248841383/secrets/YOUTUBE_PLAYLIST_ID","replication":{"automatic":{}},"createTime":"2026-06-11T01:52:24.292554Z","labels":{"firebase-managed":"functions"},"etag":"\"1653f09ca260b3\""}
[debug] [2026-06-11T02:17:17.702Z] Checked if tokens are valid: true, expires at: 1781145571599
[debug] [2026-06-11T02:17:17.702Z] Checked if tokens are valid: true, expires at: 1781145571599
[debug] [2026-06-11T02:17:17.703Z] >>> [apiv2][query] GET https://secretmanager.googleapis.com/v1/projects/blu-app-camara/secrets/YOUTUBE_PLAYLIST_ID/versions/latest [none]
[debug] [2026-06-11T02:17:17.993Z] <<< [apiv2][status] GET https://secretmanager.googleapis.com/v1/projects/blu-app-camara/secrets/YOUTUBE_PLAYLIST_ID/versions/latest 200
[debug] [2026-06-11T02:17:17.994Z] <<< [apiv2][body] GET https://secretmanager.googleapis.com/v1/projects/blu-app-camara/secrets/YOUTUBE_PLAYLIST_ID/versions/latest {"name":"projects/1070248841383/secrets/YOUTUBE_PLAYLIST_ID/versions/1","createTime":"2026-06-11T01:52:48.501939Z","state":"ENABLED","replicationStatus":{"automatic":{}},"etag":"\"1653f09e02c4b3\""}
[debug] [2026-06-11T02:17:17.995Z] Checked if tokens are valid: true, expires at: 1781145571599
[debug] [2026-06-11T02:17:17.995Z] Checked if tokens are valid: true, expires at: 1781145571599
[debug] [2026-06-11T02:17:17.995Z] >>> [apiv2][query] GET https://secretmanager.googleapis.com/v1/projects/blu-app-camara/secrets/YOUTUBE_WEBHOOK_VERIFY_TOKEN [none]
[debug] [2026-06-11T02:17:18.554Z] <<< [apiv2][status] GET https://secretmanager.googleapis.com/v1/projects/blu-app-camara/secrets/YOUTUBE_WEBHOOK_VERIFY_TOKEN 200
[debug] [2026-06-11T02:17:18.556Z] <<< [apiv2][body] GET https://secretmanager.googleapis.com/v1/projects/blu-app-camara/secrets/YOUTUBE_WEBHOOK_VERIFY_TOKEN {"name":"projects/1070248841383/secrets/YOUTUBE_WEBHOOK_VERIFY_TOKEN","replication":{"automatic":{}},"createTime":"2026-06-11T02:09:41.618857Z","labels":{"firebase-managed":"functions"},"etag":"\"1653f0da6f4f65\""}
[debug] [2026-06-11T02:17:18.557Z] Checked if tokens are valid: true, expires at: 1781145571599
[debug] [2026-06-11T02:17:18.557Z] Checked if tokens are valid: true, expires at: 1781145571599
[debug] [2026-06-11T02:17:18.558Z] >>> [apiv2][query] GET https://secretmanager.googleapis.com/v1/projects/blu-app-camara/secrets/YOUTUBE_WEBHOOK_VERIFY_TOKEN/versions/latest [none]
[debug] [2026-06-11T02:17:18.874Z] <<< [apiv2][status] GET https://secretmanager.googleapis.com/v1/projects/blu-app-camara/secrets/YOUTUBE_WEBHOOK_VERIFY_TOKEN/versions/latest 200
[debug] [2026-06-11T02:17:18.875Z] <<< [apiv2][body] GET https://secretmanager.googleapis.com/v1/projects/blu-app-camara/secrets/YOUTUBE_WEBHOOK_VERIFY_TOKEN/versions/latest {"name":"projects/1070248841383/secrets/YOUTUBE_WEBHOOK_VERIFY_TOKEN/versions/1","createTime":"2026-06-11T02:11:32.801036Z","state":"ENABLED","replicationStatus":{"automatic":{}},"etag":"\"1653f0e106360c\""}
[info] i  functions: preparing functions directory for uploading... 
[info] i  functions: packaged /Users/leonardoribeiro/Documents/BluTecnologias/Developer/blu-app-camaras/functions (94.37 KB) for uploading 
[debug] [2026-06-11T02:17:18.985Z] Checked if tokens are valid: true, expires at: 1781145571599
[debug] [2026-06-11T02:17:18.985Z] Checked if tokens are valid: true, expires at: 1781145571599
[debug] [2026-06-11T02:17:18.985Z] >>> [apiv2][query] GET https://cloudfunctions.googleapis.com/v1/projects/blu-app-camara/locations/-/functions [none]
[debug] [2026-06-11T02:17:20.365Z] <<< [apiv2][status] GET https://cloudfunctions.googleapis.com/v1/projects/blu-app-camara/locations/-/functions 200
[debug] [2026-06-11T02:17:20.367Z] <<< [apiv2][body] GET https://cloudfunctions.googleapis.com/v1/projects/blu-app-camara/locations/-/functions {}
[debug] [2026-06-11T02:17:20.369Z] Checked if tokens are valid: true, expires at: 1781145571599
[debug] [2026-06-11T02:17:20.369Z] Checked if tokens are valid: true, expires at: 1781145571599
[debug] [2026-06-11T02:17:20.369Z] >>> [apiv2][query] GET https://cloudfunctions.googleapis.com/v2/projects/blu-app-camara/locations/-/functions filter=environment%3D%22GEN_2%22
[debug] [2026-06-11T02:17:21.756Z] <<< [apiv2][status] GET https://cloudfunctions.googleapis.com/v2/projects/blu-app-camara/locations/-/functions 200
[debug] [2026-06-11T02:17:21.758Z] <<< [apiv2][body] GET https://cloudfunctions.googleapis.com/v2/projects/blu-app-camara/locations/-/functions {"functions":[{"name":"projects/blu-app-camara/locations/southamerica-east1/functions/renovarWebhookYoutube","buildConfig":{"build":"projects/1070248841383/locations/southamerica-east1/builds/7a8b99a8-c6ee-4735-972b-528b0fa6edac","runtime":"nodejs20","entryPoint":"renovarWebhookYoutube","source":{"storageSource":{"bucket":"gcf-v2-sources-1070248841383-southamerica-east1","object":"renovarWebhookYoutube/function-source.zip","generation":"1781144109143601"}},"environmentVariables":{"GOOGLE_NODE_RUN_SCRIPTS":""},"dockerRepository":"projects/blu-app-camara/locations/southamerica-east1/repositories/gcf-artifacts","sourceProvenance":{"resolvedStorageSource":{"bucket":"gcf-v2-sources-1070248841383-southamerica-east1","object":"renovarWebhookYoutube/function-source.zip","generation":"1781144109143601"}},"dockerRegistry":"ARTIFACT_REGISTRY","serviceAccount":"projects/blu-app-camara/serviceAccounts/1070248841383-compute@developer.gserviceaccount.com","automaticUpdatePolicy":{}},"serviceConfig":{"service":"projects/blu-app-camara/locations/southamerica-east1/services/renovarwebhookyoutube","timeoutSeconds":60,"environmentVariables":{"GMAIL_EMAIL":"blutecnologiasbr@gmail.com","FIREBASE_CONFIG":"{\"projectId\":\"blu-app-camara\",\"databaseURL\":\"https://blu-app-camara-default-rtdb.firebaseio.com\",\"storageBucket\":\"blu-app-camara.firebasestorage.app\"}","GCLOUD_PROJECT":"blu-app-camara","EVENTARC_CLOUD_EVENT_SOURCE":"projects/blu-app-camara/locations/southamerica-east1/services/renovarWebhookYoutube","FUNCTION_TARGET":"renovarWebhookYoutube","LOG_EXECUTION_ID":"true"},"ingressSettings":"ALLOW_ALL","uri":"https://renovarwebhookyoutube-ncrh4bwrmq-rj.a.run.app","serviceAccountEmail":"1070248841383-compute@developer.gserviceaccount.com","availableMemory":"256Mi","allTrafficOnLatestRevision":true,"secretEnvironmentVariables":[{"key":"YOUTUBE_CHANNEL_ID","projectId":"blu-app-camara","secret":"YOUTUBE_CHANNEL_ID","version":"1"},{"key":"YOUTUBE_WEBHOOK_VERIFY_TOKEN","projectId":"blu-app-camara","secret":"YOUTUBE_WEBHOOK_VERIFY_TOKEN","version":"1"}],"revision":"renovarwebhookyoutube-00001-qew","maxInstanceRequestConcurrency":80,"availableCpu":"1"},"state":"ACTIVE","updateTime":"2026-06-11T02:16:14.612571488Z","labels":{"firebase-functions-hash":"b5bcc0bf38f3dc0d776e6685354c8680bdd725cd","deployment-tool":"cli-firebase","deployment-scheduled":"true"},"environment":"GEN_2","url":"https://southamerica-east1-blu-app-camara.cloudfunctions.net/renovarWebhookYoutube","satisfiesPzs":true,"createTime":"2026-06-11T02:15:09.571986923Z","satisfiesPzi":true},{"name":"projects/blu-app-camara/locations/southamerica-east1/functions/listarVideosTvCamara","buildConfig":{"build":"projects/1070248841383/locations/southamerica-east1/builds/92bff90b-930f-4edf-b66b-c9e607408632","runtime":"nodejs20","entryPoint":"listarVideosTvCamara","source":{"storageSource":{"bucket":"gcf-v2-sources-1070248841383-southamerica-east1","object":"listarVideosTvCamara/function-source.zip","generation":"1781143002469865"}},"environmentVariables":{"GOOGLE_NODE_RUN_SCRIPTS":""},"dockerRepository":"projects/blu-app-camara/locations/southamerica-east1/repositories/gcf-artifacts","sourceProvenance":{"resolvedStorageSource":{"bucket":"gcf-v2-sources-1070248841383-southamerica-east1","object":"listarVideosTvCamara/function-source.zip","generation":"1781143002469865"}},"dockerRegistry":"ARTIFACT_REGISTRY","serviceAccount":"projects/blu-app-camara/serviceAccounts/1070248841383-compute@developer.gserviceaccount.com","automaticUpdatePolicy":{}},"serviceConfig":{"service":"projects/blu-app-camara/locations/southamerica-east1/services/listarvideostvcamara","timeoutSeconds":60,"environmentVariables":{"GMAIL_EMAIL":"blutecnologiasbr@gmail.com","FIREBASE_CONFIG":"{\"projectId\":\"blu-app-camara\",\"databaseURL\":\"https://blu-app-camara-default-rtdb.firebaseio.com\",\"storageBucket\":\"blu-app-camara.firebasestorage.app\"}","GCLOUD_PROJECT":"blu-app-camara","EVENTARC_CLOUD_EVENT_SOURCE":"projects/blu-app-camara/locations/southamerica-east1/services/listarVideosTvCamara","FUNCTION_TARGET":"listarVideosTvCamara","LOG_EXECUTION_ID":"true"},"ingressSettings":"ALLOW_ALL","uri":"https://listarvideostvcamara-ncrh4bwrmq-rj.a.run.app","serviceAccountEmail":"1070248841383-compute@developer.gserviceaccount.com","availableMemory":"256Mi","allTrafficOnLatestRevision":true,"secretEnvironmentVariables":[{"key":"YOUTUBE_CLIENT_ID","projectId":"blu-app-camara","secret":"YOUTUBE_CLIENT_ID","version":"1"},{"key":"YOUTUBE_CLIENT_SECRET","projectId":"blu-app-camara","secret":"YOUTUBE_CLIENT_SECRET","version":"1"},{"key":"YOUTUBE_REFRESH_TOKEN","projectId":"blu-app-camara","secret":"YOUTUBE_REFRESH_TOKEN","version":"1"},{"key":"YOUTUBE_PLAYLIST_ID","projectId":"blu-app-camara","secret":"YOUTUBE_PLAYLIST_ID","version":"1"}],"revision":"listarvideostvcamara-00001-log","maxInstanceRequestConcurrency":80,"availableCpu":"1"},"state":"ACTIVE","updateTime":"2026-06-11T01:58:15.663618083Z","labels":{"deployment-tool":"cli-firebase","firebase-functions-hash":"df21be62998c9dc46edde70364b0c13f64159081"},"environment":"GEN_2","url":"https://southamerica-east1-blu-app-camara.cloudfunctions.net/listarVideosTvCamara","satisfiesPzs":true,"createTime":"2026-06-11T01:56:42.984450504Z","satisfiesPzi":true},{"name":"projects/blu-app-camara/locations/southamerica-east1/functions/youtubeChannelWebhook","buildConfig":{"build":"projects/1070248841383/locations/southamerica-east1/builds/165c7077-3404-4836-a6a5-4a29fc2812fb","runtime":"nodejs20","entryPoint":"youtubeChannelWebhook","source":{"storageSource":{"bucket":"gcf-v2-sources-1070248841383-southamerica-east1","object":"youtubeChannelWebhook/function-source.zip","generation":"1781143981428203"}},"environmentVariables":{"GOOGLE_NODE_RUN_SCRIPTS":""},"dockerRepository":"projects/blu-app-camara/locations/southamerica-east1/repositories/gcf-artifacts","sourceProvenance":{"resolvedStorageSource":{"bucket":"gcf-v2-sources-1070248841383-southamerica-east1","object":"youtubeChannelWebhook/function-source.zip","generation":"1781143981428203"}},"dockerRegistry":"ARTIFACT_REGISTRY","serviceAccount":"projects/blu-app-camara/serviceAccounts/1070248841383-compute@developer.gserviceaccount.com","automaticUpdatePolicy":{}},"serviceConfig":{"service":"projects/blu-app-camara/locations/southamerica-east1/services/youtubechannelwebhook","timeoutSeconds":60,"environmentVariables":{"GMAIL_EMAIL":"blutecnologiasbr@gmail.com","FIREBASE_CONFIG":"{\"projectId\":\"blu-app-camara\",\"databaseURL\":\"https://blu-app-camara-default-rtdb.firebaseio.com\",\"storageBucket\":\"blu-app-camara.firebasestorage.app\"}","GCLOUD_PROJECT":"blu-app-camara","EVENTARC_CLOUD_EVENT_SOURCE":"projects/blu-app-camara/locations/southamerica-east1/services/youtubeChannelWebhook","FUNCTION_TARGET":"youtubeChannelWebhook","LOG_EXECUTION_ID":"true"},"ingressSettings":"ALLOW_ALL","uri":"https://youtubechannelwebhook-ncrh4bwrmq-rj.a.run.app","serviceAccountEmail":"1070248841383-compute@developer.gserviceaccount.com","availableMemory":"256Mi","allTrafficOnLatestRevision":true,"secretEnvironmentVariables":[{"key":"YOUTUBE_CLIENT_ID","projectId":"blu-app-camara","secret":"YOUTUBE_CLIENT_ID","version":"1"},{"key":"YOUTUBE_CLIENT_SECRET","projectId":"blu-app-camara","secret":"YOUTUBE_CLIENT_SECRET","version":"1"},{"key":"YOUTUBE_REFRESH_TOKEN","projectId":"blu-app-camara","secret":"YOUTUBE_REFRESH_TOKEN","version":"1"},{"key":"YOUTUBE_CHANNEL_ID","projectId":"blu-app-camara","secret":"YOUTUBE_CHANNEL_ID","version":"1"},{"key":"YOUTUBE_PLAYLIST_ID","projectId":"blu-app-camara","secret":"YOUTUBE_PLAYLIST_ID","version":"1"},{"key":"YOUTUBE_WEBHOOK_VERIFY_TOKEN","projectId":"blu-app-camara","secret":"YOUTUBE_WEBHOOK_VERIFY_TOKEN","version":"1"}],"revision":"youtubechannelwebhook-00001-hav","maxInstanceRequestConcurrency":80,"availableCpu":"1"},"state":"ACTIVE","updateTime":"2026-06-11T02:14:12.446738110Z","labels":{"deployment-tool":"cli-firebase","firebase-functions-hash":"cdbb93dd2f55be6816487d1e357d61fc4016fbda"},"environment":"GEN_2","url":"https://southamerica-east1-blu-app-camara.cloudfunctions.net/youtubeChannelWebhook","satisfiesPzs":true,"createTime":"2026-06-11T02:13:01.871921236Z","satisfiesPzi":true},{"name":"projects/blu-app-camara/locations/us-central1/functions/cleanupExpiredRequests","buildConfig":{"build":"projects/1070248841383/locations/us-central1/builds/6a64d201-1d33-493f-a845-aa875bb9b85e","runtime":"nodejs20","entryPoint":"cleanupExpiredRequests","source":{"storageSource":{"bucket":"gcf-v2-sources-1070248841383-us-central1","object":"cleanupExpiredRequests/function-source.zip","generation":"1780585890894907"}},"environmentVariables":{"GOOGLE_NODE_RUN_SCRIPTS":""},"dockerRepository":"projects/blu-app-camara/locations/us-central1/repositories/gcf-artifacts","sourceProvenance":{"resolvedStorageSource":{"bucket":"gcf-v2-sources-1070248841383-us-central1","object":"cleanupExpiredRequests/function-source.zip","generation":"1780585890894907"}},"dockerRegistry":"ARTIFACT_REGISTRY","serviceAccount":"projects/blu-app-camara/serviceAccounts/1070248841383-compute@developer.gserviceaccount.com","automaticUpdatePolicy":{}},"serviceConfig":{"service":"projects/blu-app-camara/locations/us-central1/services/cleanupexpiredrequests","timeoutSeconds":60,"environmentVariables":{"GMAIL_EMAIL":"blutecnologiasbr@gmail.com","FIREBASE_CONFIG":"{\"projectId\":\"blu-app-camara\",\"databaseURL\":\"https://blu-app-camara-default-rtdb.firebaseio.com\",\"storageBucket\":\"blu-app-camara.firebasestorage.app\"}","GCLOUD_PROJECT":"blu-app-camara","EVENTARC_CLOUD_EVENT_SOURCE":"projects/blu-app-camara/locations/us-central1/services/cleanupExpiredRequests","FUNCTION_TARGET":"cleanupExpiredRequests","LOG_EXECUTION_ID":"true","FUNCTION_SIGNATURE_TYPE":"http"},"maxInstanceCount":3,"ingressSettings":"ALLOW_ALL","uri":"https://cleanupexpiredrequests-ncrh4bwrmq-uc.a.run.app","serviceAccountEmail":"1070248841383-compute@developer.gserviceaccount.com","availableMemory":"256Mi","allTrafficOnLatestRevision":true,"revision":"cleanupexpiredrequests-00018-kod","maxInstanceRequestConcurrency":80,"availableCpu":"1"},"state":"ACTIVE","updateTime":"2026-06-04T15:11:39.551877272Z","labels":{"deployment-tool":"cli-firebase","deployment-scheduled":"true","firebase-functions-hash":"c83ff9884cfb1deaf28da7171cb3c1b2e1254df8"},"environment":"GEN_2","url":"https://us-central1-blu-app-camara.cloudfunctions.net/cleanupExpiredRequests","createTime":"2026-05-15T19:19:21.736159741Z","satisfiesPzi":true},{"name":"projects/blu-app-camara/locations/us-central1/functions/onProcuradoriaMulherUpdate","buildConfig":{"build":"projects/1070248841383/locations/us-central1/builds/6a64d201-1d33-493f-a845-aa875bb9b85e","runtime":"nodejs20","entryPoint":"onProcuradoriaMulherUpdate","source":{"storageSource":{"bucket":"gcf-v2-sources-1070248841383-us-central1","object":"onProcuradoriaMulherUpdate/function-source.zip","generation":"1780585890673725"}},"environmentVariables":{"GOOGLE_NODE_RUN_SCRIPTS":""},"dockerRepository":"projects/blu-app-camara/locations/us-central1/repositories/gcf-artifacts","sourceProvenance":{"resolvedStorageSource":{"bucket":"gcf-v2-sources-1070248841383-us-central1","object":"onProcuradoriaMulherUpdate/function-source.zip","generation":"1780585890673725"}},"dockerRegistry":"ARTIFACT_REGISTRY","serviceAccount":"projects/blu-app-camara/serviceAccounts/1070248841383-compute@developer.gserviceaccount.com","automaticUpdatePolicy":{}},"serviceConfig":{"service":"projects/blu-app-camara/locations/us-central1/services/onprocuradoriamulherupdate","timeoutSeconds":60,"environmentVariables":{"GMAIL_EMAIL":"blutecnologiasbr@gmail.com","FIREBASE_CONFIG":"{\"projectId\":\"blu-app-camara\",\"databaseURL\":\"https://blu-app-camara-default-rtdb.firebaseio.com\",\"storageBucket\":\"blu-app-camara.firebasestorage.app\"}","GCLOUD_PROJECT":"blu-app-camara","EVENTARC_CLOUD_EVENT_SOURCE":"projects/blu-app-camara/locations/us-central1/services/onProcuradoriaMulherUpdate","FUNCTION_SIGNATURE_TYPE":"cloudevent","FUNCTION_TARGET":"onProcuradoriaMulherUpdate","LOG_EXECUTION_ID":"true"},"ingressSettings":"ALLOW_ALL","uri":"https://onprocuradoriamulherupdate-ncrh4bwrmq-uc.a.run.app","serviceAccountEmail":"1070248841383-compute@developer.gserviceaccount.com","availableMemory":"256Mi","allTrafficOnLatestRevision":true,"revision":"onprocuradoriamulherupdate-00001-sof","maxInstanceRequestConcurrency":80,"availableCpu":"1"},"eventTrigger":{"trigger":"projects/blu-app-camara/locations/nam5/triggers/onprocuradoriamulherupdate-600210","triggerRegion":"nam5","eventType":"google.cloud.firestore.document.v1.updated","eventFilters":[{"attribute":"document","value":"procuradoria-mulher/{id}","operator":"match-path-pattern"},{"attribute":"database","value":"(default)"},{"attribute":"namespace","value":"(default)"}],"pubsubTopic":"projects/blu-app-camara/topics/eventarc-nam5-onprocuradoriamulherupdate-600210-431","serviceAccountEmail":"1070248841383-compute@developer.gserviceaccount.com","retryPolicy":"RETRY_POLICY_DO_NOT_RETRY"},"state":"ACTIVE","updateTime":"2026-06-04T15:11:50.824875838Z","labels":{"firebase-functions-hash":"c83ff9884cfb1deaf28da7171cb3c1b2e1254df8","deployment-tool":"cli-firebase"},"environment":"GEN_2","url":"https://us-central1-blu-app-camara.cloudfunctions.net/onProcuradoriaMulherUpdate","createTime":"2026-06-04T15:11:31.013904926Z","satisfiesPzi":true},{"name":"projects/blu-app-camara/locations/us-central1/functions/sendMailOnNewRequest","buildConfig":{"build":"projects/1070248841383/locations/us-central1/builds/6a64d201-1d33-493f-a845-aa875bb9b85e","runtime":"nodejs20","entryPoint":"sendMailOnNewRequest","source":{"storageSource":{"bucket":"gcf-v2-sources-1070248841383-us-central1","object":"sendMailOnNewRequest/function-source.zip","generation":"1780585890876425"}},"environmentVariables":{"GOOGLE_NODE_RUN_SCRIPTS":""},"dockerRepository":"projects/blu-app-camara/locations/us-central1/repositories/gcf-artifacts","sourceProvenance":{"resolvedStorageSource":{"bucket":"gcf-v2-sources-1070248841383-us-central1","object":"sendMailOnNewRequest/function-source.zip","generation":"1780585890876425"}},"dockerRegistry":"ARTIFACT_REGISTRY","serviceAccount":"projects/blu-app-camara/serviceAccounts/1070248841383-compute@developer.gserviceaccount.com","automaticUpdatePolicy":{}},"serviceConfig":{"service":"projects/blu-app-camara/locations/us-central1/services/sendmailonnewrequest","timeoutSeconds":60,"environmentVariables":{"GMAIL_EMAIL":"blutecnologiasbr@gmail.com","FIREBASE_CONFIG":"{\"projectId\":\"blu-app-camara\",\"databaseURL\":\"https://blu-app-camara-default-rtdb.firebaseio.com\",\"storageBucket\":\"blu-app-camara.firebasestorage.app\"}","GCLOUD_PROJECT":"blu-app-camara","EVENTARC_CLOUD_EVENT_SOURCE":"projects/blu-app-camara/locations/us-central1/services/sendMailOnNewRequest","FUNCTION_SIGNATURE_TYPE":"cloudevent","FUNCTION_TARGET":"sendMailOnNewRequest","LOG_EXECUTION_ID":"true"},"maxInstanceCount":3,"ingressSettings":"ALLOW_ALL","uri":"https://sendmailonnewrequest-ncrh4bwrmq-uc.a.run.app","serviceAccountEmail":"1070248841383-compute@developer.gserviceaccount.com","availableMemory":"256Mi","allTrafficOnLatestRevision":true,"secretEnvironmentVariables":[{"key":"GMAIL_APP_PASSWORD","projectId":"blu-app-camara","secret":"GMAIL_APP_PASSWORD","version":"1"}],"revision":"sendmailonnewrequest-00018-mog","maxInstanceRequestConcurrency":80,"availableCpu":"1"},"eventTrigger":{"trigger":"projects/blu-app-camara/locations/nam5/triggers/sendmailonnewrequest-446377","triggerRegion":"nam5","eventType":"google.cloud.firestore.document.v1.created","eventFilters":[{"attribute":"database","value":"(default)"},{"attribute":"namespace","value":"(default)"},{"attribute":"document","value":"mail/{mailId}","operator":"match-path-pattern"}],"pubsubTopic":"projects/blu-app-camara/topics/eventarc-nam5-sendmailonnewrequest-446377-229","serviceAccountEmail":"1070248841383-compute@developer.gserviceaccount.com","retryPolicy":"RETRY_POLICY_DO_NOT_RETRY"},"state":"ACTIVE","updateTime":"2026-06-04T15:11:40.634820724Z","labels":{"deployment-tool":"cli-firebase","firebase-functions-hash":"9a31cb404147d5e0ec8ab99604bb45b16e3cc3ff"},"environment":"GEN_2","url":"https://us-central1-blu-app-camara.cloudfunctions.net/sendMailOnNewRequest","createTime":"2026-05-15T19:18:28.768688536Z","satisfiesPzi":true},{"name":"projects/blu-app-camara/locations/us-central1/functions/handlePanicAlert","buildConfig":{"build":"projects/1070248841383/locations/us-central1/builds/6a64d201-1d33-493f-a845-aa875bb9b85e","runtime":"nodejs20","entryPoint":"handlePanicAlert","source":{"storageSource":{"bucket":"gcf-v2-sources-1070248841383-us-central1","object":"handlePanicAlert/function-source.zip","generation":"1780585833478792"}},"environmentVariables":{"GOOGLE_NODE_RUN_SCRIPTS":""},"dockerRepository":"projects/blu-app-camara/locations/us-central1/repositories/gcf-artifacts","sourceProvenance":{"resolvedStorageSource":{"bucket":"gcf-v2-sources-1070248841383-us-central1","object":"handlePanicAlert/function-source.zip","generation":"1780585833478792"}},"dockerRegistry":"ARTIFACT_REGISTRY","serviceAccount":"projects/blu-app-camara/serviceAccounts/1070248841383-compute@developer.gserviceaccount.com","automaticUpdatePolicy":{}},"serviceConfig":{"service":"projects/blu-app-camara/locations/us-central1/services/handlepanicalert","timeoutSeconds":60,"environmentVariables":{"GMAIL_EMAIL":"blutecnologiasbr@gmail.com","FIREBASE_CONFIG":"{\"projectId\":\"blu-app-camara\",\"databaseURL\":\"https://blu-app-camara-default-rtdb.firebaseio.com\",\"storageBucket\":\"blu-app-camara.firebasestorage.app\"}","GCLOUD_PROJECT":"blu-app-camara","EVENTARC_CLOUD_EVENT_SOURCE":"projects/blu-app-camara/locations/us-central1/services/handlePanicAlert","FUNCTION_SIGNATURE_TYPE":"cloudevent","FUNCTION_TARGET":"handlePanicAlert","LOG_EXECUTION_ID":"true"},"ingressSettings":"ALLOW_ALL","uri":"https://handlepanicalert-ncrh4bwrmq-uc.a.run.app","serviceAccountEmail":"1070248841383-compute@developer.gserviceaccount.com","availableMemory":"256Mi","allTrafficOnLatestRevision":true,"secretEnvironmentVariables":[{"key":"GMAIL_APP_PASSWORD","projectId":"blu-app-camara","secret":"GMAIL_APP_PASSWORD","version":"1"}],"revision":"handlepanicalert-00001-pax","maxInstanceRequestConcurrency":80,"availableCpu":"1"},"eventTrigger":{"trigger":"projects/blu-app-camara/locations/nam5/triggers/handlepanicalert-836543","triggerRegion":"nam5","eventType":"google.cloud.firestore.document.v1.created","eventFilters":[{"attribute":"namespace","value":"(default)"},{"attribute":"document","value":"panic-alerts/{alertId}","operator":"match-path-pattern"},{"attribute":"database","value":"(default)"}],"pubsubTopic":"projects/blu-app-camara/topics/eventarc-nam5-handlepanicalert-836543-611","serviceAccountEmail":"1070248841383-compute@developer.gserviceaccount.com","retryPolicy":"RETRY_POLICY_DO_NOT_RETRY"},"state":"ACTIVE","updateTime":"2026-06-04T15:11:43.350575741Z","labels":{"deployment-tool":"cli-firebase","firebase-functions-hash":"9a31cb404147d5e0ec8ab99604bb45b16e3cc3ff"},"environment":"GEN_2","url":"https://us-central1-blu-app-camara.cloudfunctions.net/handlePanicAlert","createTime":"2026-06-04T15:10:33.761484812Z","satisfiesPzi":true},{"name":"projects/blu-app-camara/locations/us-central1/functions/generateNews","buildConfig":{"build":"projects/1070248841383/locations/us-central1/builds/52ef6e06-c857-4fe9-912d-d1f756649bb9","runtime":"nodejs22","entryPoint":"generateNews","source":{"storageSource":{"bucket":"gcf-v2-sources-1070248841383-us-central1","object":"generateNews/function-source.zip","generation":"1780586666749669"}},"environmentVariables":{"GOOGLE_NODE_RUN_SCRIPTS":""},"dockerRepository":"projects/blu-app-camara/locations/us-central1/repositories/gcf-artifacts","sourceProvenance":{"resolvedStorageSource":{"bucket":"gcf-v2-sources-1070248841383-us-central1","object":"generateNews/function-source.zip","generation":"1780586666749669"}},"dockerRegistry":"ARTIFACT_REGISTRY","serviceAccount":"projects/blu-app-camara/serviceAccounts/1070248841383-compute@developer.gserviceaccount.com","automaticUpdatePolicy":{}},"serviceConfig":{"service":"projects/blu-app-camara/locations/us-central1/services/generatenews","timeoutSeconds":60,"environmentVariables":{"GMAIL_EMAIL":"blutecnologiasbr@gmail.com","FIREBASE_CONFIG":"{\"projectId\":\"blu-app-camara\",\"databaseURL\":\"https://blu-app-camara-default-rtdb.firebaseio.com\",\"storageBucket\":\"blu-app-camara.firebasestorage.app\"}","GCLOUD_PROJECT":"blu-app-camara","EVENTARC_CLOUD_EVENT_SOURCE":"projects/blu-app-camara/locations/us-central1/services/generateNews","FUNCTION_TARGET":"generateNews","LOG_EXECUTION_ID":"true"},"ingressSettings":"ALLOW_ALL","uri":"https://generatenews-ncrh4bwrmq-uc.a.run.app","serviceAccountEmail":"1070248841383-compute@developer.gserviceaccount.com","availableMemory":"256Mi","allTrafficOnLatestRevision":true,"revision":"generatenews-00001-wow","maxInstanceRequestConcurrency":80,"availableCpu":"1"},"state":"ACTIVE","updateTime":"2026-06-04T15:25:27.706202365Z","labels":{"deployment-tool":"cli-firebase","firebase-functions-hash":"44475f66758e3cbbb78181a11cf840f19a66f8f4"},"environment":"GEN_2","url":"https://us-central1-blu-app-camara.cloudfunctions.net/generateNews","createTime":"2026-06-04T15:24:27.028737754Z","satisfiesPzi":true},{"name":"projects/blu-app-camara/locations/us-central1/functions/sendPushNotificationFirestore","buildConfig":{"build":"projects/1070248841383/locations/us-central1/builds/6a64d201-1d33-493f-a845-aa875bb9b85e","runtime":"nodejs20","entryPoint":"sendPushNotificationFirestore","source":{"storageSource":{"bucket":"gcf-v2-sources-1070248841383-us-central1","object":"sendPushNotificationFirestore/function-source.zip","generation":"1780585890237616"}},"environmentVariables":{"GOOGLE_NODE_RUN_SCRIPTS":""},"dockerRepository":"projects/blu-app-camara/locations/us-central1/repositories/gcf-artifacts","sourceProvenance":{"resolvedStorageSource":{"bucket":"gcf-v2-sources-1070248841383-us-central1","object":"sendPushNotificationFirestore/function-source.zip","generation":"1780585890237616"}},"dockerRegistry":"ARTIFACT_REGISTRY","serviceAccount":"projects/blu-app-camara/serviceAccounts/1070248841383-compute@developer.gserviceaccount.com","automaticUpdatePolicy":{}},"serviceConfig":{"service":"projects/blu-app-camara/locations/us-central1/services/sendpushnotificationfirestore","timeoutSeconds":60,"environmentVariables":{"GMAIL_EMAIL":"blutecnologiasbr@gmail.com","FIREBASE_CONFIG":"{\"projectId\":\"blu-app-camara\",\"databaseURL\":\"https://blu-app-camara-default-rtdb.firebaseio.com\",\"storageBucket\":\"blu-app-camara.firebasestorage.app\"}","GCLOUD_PROJECT":"blu-app-camara","EVENTARC_CLOUD_EVENT_SOURCE":"projects/blu-app-camara/locations/us-central1/services/sendPushNotificationFirestore","FUNCTION_SIGNATURE_TYPE":"cloudevent","FUNCTION_TARGET":"sendPushNotificationFirestore","LOG_EXECUTION_ID":"true"},"ingressSettings":"ALLOW_ALL","uri":"https://sendpushnotificationfirestore-ncrh4bwrmq-uc.a.run.app","serviceAccountEmail":"1070248841383-compute@developer.gserviceaccount.com","availableMemory":"256Mi","allTrafficOnLatestRevision":true,"revision":"sendpushnotificationfirestore-00001-zod","maxInstanceRequestConcurrency":80,"availableCpu":"1"},"eventTrigger":{"trigger":"projects/blu-app-camara/locations/nam5/triggers/sendpushnotificationfirestore-711775","triggerRegion":"nam5","eventType":"google.cloud.firestore.document.v1.created","eventFilters":[{"attribute":"database","value":"(default)"},{"attribute":"namespace","value":"(default)"},{"attribute":"document","value":"notifications/{notificationId}","operator":"match-path-pattern"}],"pubsubTopic":"projects/blu-app-camara/topics/eventarc-nam5-sendpushnotificationfirestore-711775-868","serviceAccountEmail":"1070248841383-compute@developer.gserviceaccount.com","retryPolicy":"RETRY_POLICY_DO_NOT_RETRY"},"state":"ACTIVE","updateTime":"2026-06-04T15:11:50.365623336Z","labels":{"deployment-tool":"cli-firebase","firebase-functions-hash":"c83ff9884cfb1deaf28da7171cb3c1b2e1254df8"},"environment":"GEN_2","url":"https://us-central1-blu-app-camara.cloudfunctions.net/sendPushNotificationFirestore","createTime":"2026-06-04T15:11:30.493735821Z","satisfiesPzi":true},{"name":"projects/blu-app-camara/locations/us-central1/functions/notifyUsersOnNewsPublished","buildConfig":{"build":"projects/1070248841383/locations/us-central1/builds/6a64d201-1d33-493f-a845-aa875bb9b85e","runtime":"nodejs20","entryPoint":"notifyUsersOnNewsPublished","source":{"storageSource":{"bucket":"gcf-v2-sources-1070248841383-us-central1","object":"notifyUsersOnNewsPublished/function-source.zip","generation":"1780585890237593"}},"environmentVariables":{"GOOGLE_NODE_RUN_SCRIPTS":""},"dockerRepository":"projects/blu-app-camara/locations/us-central1/repositories/gcf-artifacts","sourceProvenance":{"resolvedStorageSource":{"bucket":"gcf-v2-sources-1070248841383-us-central1","object":"notifyUsersOnNewsPublished/function-source.zip","generation":"1780585890237593"}},"dockerRegistry":"ARTIFACT_REGISTRY","serviceAccount":"projects/blu-app-camara/serviceAccounts/1070248841383-compute@developer.gserviceaccount.com","automaticUpdatePolicy":{}},"serviceConfig":{"service":"projects/blu-app-camara/locations/us-central1/services/notifyusersonnewspublished","timeoutSeconds":60,"environmentVariables":{"GMAIL_EMAIL":"blutecnologiasbr@gmail.com","FIREBASE_CONFIG":"{\"projectId\":\"blu-app-camara\",\"databaseURL\":\"https://blu-app-camara-default-rtdb.firebaseio.com\",\"storageBucket\":\"blu-app-camara.firebasestorage.app\"}","GCLOUD_PROJECT":"blu-app-camara","EVENTARC_CLOUD_EVENT_SOURCE":"projects/blu-app-camara/locations/us-central1/services/notifyUsersOnNewsPublished","FUNCTION_SIGNATURE_TYPE":"cloudevent","FUNCTION_TARGET":"notifyUsersOnNewsPublished","LOG_EXECUTION_ID":"true"},"maxInstanceCount":3,"ingressSettings":"ALLOW_ALL","uri":"https://notifyusersonnewspublished-ncrh4bwrmq-uc.a.run.app","serviceAccountEmail":"1070248841383-compute@developer.gserviceaccount.com","availableMemory":"256Mi","allTrafficOnLatestRevision":true,"revision":"notifyusersonnewspublished-00010-wev","maxInstanceRequestConcurrency":80,"availableCpu":"1"},"eventTrigger":{"trigger":"projects/blu-app-camara/locations/nam5/triggers/notifyusersonnewspublished-795205","triggerRegion":"nam5","eventType":"google.cloud.firestore.document.v1.written","eventFilters":[{"attribute":"document","value":"noticias/{noticiaId}","operator":"match-path-pattern"},{"attribute":"database","value":"(default)"},{"attribute":"namespace","value":"(default)"}],"pubsubTopic":"projects/blu-app-camara/topics/eventarc-nam5-notifyusersonnewspublished-795205-570","serviceAccountEmail":"1070248841383-compute@developer.gserviceaccount.com","retryPolicy":"RETRY_POLICY_DO_NOT_RETRY"},"state":"ACTIVE","updateTime":"2026-06-04T15:11:41.058699625Z","labels":{"deployment-tool":"cli-firebase","firebase-functions-hash":"c83ff9884cfb1deaf28da7171cb3c1b2e1254df8"},"environment":"GEN_2","url":"https://us-central1-blu-app-camara.cloudfunctions.net/notifyUsersOnNewsPublished","createTime":"2026-06-01T18:18:24.300648911Z","satisfiesPzi":true},{"name":"projects/blu-app-camara/locations/us-central1/functions/onBalcaoCidadaoUpdate","buildConfig":{"build":"projects/1070248841383/locations/us-central1/builds/6a64d201-1d33-493f-a845-aa875bb9b85e","runtime":"nodejs20","entryPoint":"onBalcaoCidadaoUpdate","source":{"storageSource":{"bucket":"gcf-v2-sources-1070248841383-us-central1","object":"onBalcaoCidadaoUpdate/function-source.zip","generation":"1780585890386974"}},"environmentVariables":{"GOOGLE_NODE_RUN_SCRIPTS":""},"dockerRepository":"projects/blu-app-camara/locations/us-central1/repositories/gcf-artifacts","sourceProvenance":{"resolvedStorageSource":{"bucket":"gcf-v2-sources-1070248841383-us-central1","object":"onBalcaoCidadaoUpdate/function-source.zip","generation":"1780585890386974"}},"dockerRegistry":"ARTIFACT_REGISTRY","serviceAccount":"projects/blu-app-camara/serviceAccounts/1070248841383-compute@developer.gserviceaccount.com","automaticUpdatePolicy":{}},"serviceConfig":{"service":"projects/blu-app-camara/locations/us-central1/services/onbalcaocidadaoupdate","timeoutSeconds":60,"environmentVariables":{"GMAIL_EMAIL":"blutecnologiasbr@gmail.com","FIREBASE_CONFIG":"{\"projectId\":\"blu-app-camara\",\"databaseURL\":\"https://blu-app-camara-default-rtdb.firebaseio.com\",\"storageBucket\":\"blu-app-camara.firebasestorage.app\"}","GCLOUD_PROJECT":"blu-app-camara","EVENTARC_CLOUD_EVENT_SOURCE":"projects/blu-app-camara/locations/us-central1/services/onBalcaoCidadaoUpdate","FUNCTION_SIGNATURE_TYPE":"cloudevent","FUNCTION_TARGET":"onBalcaoCidadaoUpdate","LOG_EXECUTION_ID":"true"},"ingressSettings":"ALLOW_ALL","uri":"https://onbalcaocidadaoupdate-ncrh4bwrmq-uc.a.run.app","serviceAccountEmail":"1070248841383-compute@developer.gserviceaccount.com","availableMemory":"256Mi","allTrafficOnLatestRevision":true,"revision":"onbalcaocidadaoupdate-00001-moq","maxInstanceRequestConcurrency":80,"availableCpu":"1"},"eventTrigger":{"trigger":"projects/blu-app-camara/locations/nam5/triggers/onbalcaocidadaoupdate-661092","triggerRegion":"nam5","eventType":"google.cloud.firestore.document.v1.updated","eventFilters":[{"attribute":"database","value":"(default)"},{"attribute":"namespace","value":"(default)"},{"attribute":"document","value":"balcao-cidadao/{id}","operator":"match-path-pattern"}],"pubsubTopic":"projects/blu-app-camara/topics/eventarc-nam5-onbalcaocidadaoupdate-661092-827","serviceAccountEmail":"1070248841383-compute@developer.gserviceaccount.com","retryPolicy":"RETRY_POLICY_DO_NOT_RETRY"},"state":"ACTIVE","updateTime":"2026-06-04T15:11:49.712813288Z","labels":{"deployment-tool":"cli-firebase","firebase-functions-hash":"c83ff9884cfb1deaf28da7171cb3c1b2e1254df8"},"environment":"GEN_2","url":"https://us-central1-blu-app-camara.cloudfunctions.net/onBalcaoCidadaoUpdate","createTime":"2026-06-04T15:11:30.676075481Z","satisfiesPzi":true},{"name":"projects/blu-app-camara/locations/us-central1/functions/onOuvidoriaUpdate","buildConfig":{"build":"projects/1070248841383/locations/us-central1/builds/6a64d201-1d33-493f-a845-aa875bb9b85e","runtime":"nodejs20","entryPoint":"onOuvidoriaUpdate","source":{"storageSource":{"bucket":"gcf-v2-sources-1070248841383-us-central1","object":"onOuvidoriaUpdate/function-source.zip","generation":"1780585890628470"}},"environmentVariables":{"GOOGLE_NODE_RUN_SCRIPTS":""},"dockerRepository":"projects/blu-app-camara/locations/us-central1/repositories/gcf-artifacts","sourceProvenance":{"resolvedStorageSource":{"bucket":"gcf-v2-sources-1070248841383-us-central1","object":"onOuvidoriaUpdate/function-source.zip","generation":"1780585890628470"}},"dockerRegistry":"ARTIFACT_REGISTRY","serviceAccount":"projects/blu-app-camara/serviceAccounts/1070248841383-compute@developer.gserviceaccount.com","automaticUpdatePolicy":{}},"serviceConfig":{"service":"projects/blu-app-camara/locations/us-central1/services/onouvidoriaupdate","timeoutSeconds":60,"environmentVariables":{"GMAIL_EMAIL":"blutecnologiasbr@gmail.com","FIREBASE_CONFIG":"{\"projectId\":\"blu-app-camara\",\"databaseURL\":\"https://blu-app-camara-default-rtdb.firebaseio.com\",\"storageBucket\":\"blu-app-camara.firebasestorage.app\"}","GCLOUD_PROJECT":"blu-app-camara","EVENTARC_CLOUD_EVENT_SOURCE":"projects/blu-app-camara/locations/us-central1/services/onOuvidoriaUpdate","FUNCTION_SIGNATURE_TYPE":"cloudevent","FUNCTION_TARGET":"onOuvidoriaUpdate","LOG_EXECUTION_ID":"true"},"ingressSettings":"ALLOW_ALL","uri":"https://onouvidoriaupdate-ncrh4bwrmq-uc.a.run.app","serviceAccountEmail":"1070248841383-compute@developer.gserviceaccount.com","availableMemory":"256Mi","allTrafficOnLatestRevision":true,"revision":"onouvidoriaupdate-00001-riy","maxInstanceRequestConcurrency":80,"availableCpu":"1"},"eventTrigger":{"trigger":"projects/blu-app-camara/locations/nam5/triggers/onouvidoriaupdate-088206","triggerRegion":"nam5","eventType":"google.cloud.firestore.document.v1.updated","eventFilters":[{"attribute":"database","value":"(default)"},{"attribute":"namespace","value":"(default)"},{"attribute":"document","value":"ouvidoria/{id}","operator":"match-path-pattern"}],"pubsubTopic":"projects/blu-app-camara/topics/eventarc-nam5-onouvidoriaupdate-088206-209","serviceAccountEmail":"1070248841383-compute@developer.gserviceaccount.com","retryPolicy":"RETRY_POLICY_DO_NOT_RETRY"},"state":"ACTIVE","updateTime":"2026-06-04T15:11:48.902611674Z","labels":{"firebase-functions-hash":"c83ff9884cfb1deaf28da7171cb3c1b2e1254df8","deployment-tool":"cli-firebase"},"environment":"GEN_2","url":"https://us-central1-blu-app-camara.cloudfunctions.net/onOuvidoriaUpdate","createTime":"2026-06-04T15:11:30.901379215Z","satisfiesPzi":true}]}
[debug] [2026-06-11T02:17:21.771Z] Checked if tokens are valid: true, expires at: 1781145571599
[debug] [2026-06-11T02:17:21.771Z] Checked if tokens are valid: true, expires at: 1781145571599
[debug] [2026-06-11T02:17:21.772Z] >>> [apiv2][query] GET https://firestore.googleapis.com/v1/projects/blu-app-camara/databases/(default) [none]
[debug] [2026-06-11T02:17:22.952Z] <<< [apiv2][status] GET https://firestore.googleapis.com/v1/projects/blu-app-camara/databases/(default) 200
[debug] [2026-06-11T02:17:22.953Z] <<< [apiv2][body] GET https://firestore.googleapis.com/v1/projects/blu-app-camara/databases/(default) {"name":"projects/blu-app-camara/databases/(default)","uid":"56e00535-249d-4643-827e-1afcc46720b2","createTime":"2026-04-17T22:00:45.386797Z","updateTime":"2026-04-17T22:00:45.386797Z","locationId":"nam5","type":"FIRESTORE_NATIVE","concurrencyMode":"PESSIMISTIC","versionRetentionPeriod":"3600s","earliestVersionTime":"2026-06-11T01:17:23.029397Z","appEngineIntegrationMode":"DISABLED","keyPrefix":"s","pointInTimeRecoveryEnablement":"POINT_IN_TIME_RECOVERY_DISABLED","deleteProtectionState":"DELETE_PROTECTION_DISABLED","databaseEdition":"STANDARD","freeTier":false,"realtimeUpdatesMode":"REALTIME_UPDATES_MODE_ENABLED","etag":"IMuFma+P/pQDMK3wgqjx9ZMD"}
[info] i  functions: ensuring required API cloudscheduler.googleapis.com is enabled... 
[info] i  functions: ensuring required API run.googleapis.com is enabled... 
[info] i  functions: ensuring required API eventarc.googleapis.com is enabled... 
[info] i  functions: ensuring required API pubsub.googleapis.com is enabled... 
[info] i  functions: ensuring required API storage.googleapis.com is enabled... 
[info] i  functions: generating the service identity for pubsub.googleapis.com... 
[debug] [2026-06-11T02:17:22.973Z] Checked if tokens are valid: true, expires at: 1781145571599
[debug] [2026-06-11T02:17:22.973Z] Checked if tokens are valid: true, expires at: 1781145571599
[info] i  functions: generating the service identity for eventarc.googleapis.com... 
[debug] [2026-06-11T02:17:22.974Z] Checked if tokens are valid: true, expires at: 1781145571599
[debug] [2026-06-11T02:17:22.974Z] Checked if tokens are valid: true, expires at: 1781145571599
[debug] [2026-06-11T02:17:22.974Z] >>> [apiv2][query] POST https://serviceusage.googleapis.com/v1beta1/projects/1070248841383/services/pubsub.googleapis.com:generateServiceIdentity [none]
[debug] [2026-06-11T02:17:22.974Z] >>> [apiv2][(partial)header] POST https://serviceusage.googleapis.com/v1beta1/projects/1070248841383/services/pubsub.googleapis.com:generateServiceIdentity  x-goog-user-project=1070248841383
[debug] [2026-06-11T02:17:22.974Z] >>> [apiv2][body] POST https://serviceusage.googleapis.com/v1beta1/projects/1070248841383/services/pubsub.googleapis.com:generateServiceIdentity {}
[debug] [2026-06-11T02:17:22.980Z] >>> [apiv2][query] POST https://serviceusage.googleapis.com/v1beta1/projects/1070248841383/services/eventarc.googleapis.com:generateServiceIdentity [none]
[debug] [2026-06-11T02:17:22.980Z] >>> [apiv2][(partial)header] POST https://serviceusage.googleapis.com/v1beta1/projects/1070248841383/services/eventarc.googleapis.com:generateServiceIdentity  x-goog-user-project=1070248841383
[debug] [2026-06-11T02:17:22.980Z] >>> [apiv2][body] POST https://serviceusage.googleapis.com/v1beta1/projects/1070248841383/services/eventarc.googleapis.com:generateServiceIdentity {}
[debug] [2026-06-11T02:17:24.147Z] <<< [apiv2][status] POST https://serviceusage.googleapis.com/v1beta1/projects/1070248841383/services/eventarc.googleapis.com:generateServiceIdentity 200
[debug] [2026-06-11T02:17:24.148Z] <<< [apiv2][body] POST https://serviceusage.googleapis.com/v1beta1/projects/1070248841383/services/eventarc.googleapis.com:generateServiceIdentity {"name":"operations/finished.DONE_OPERATION","done":true,"response":{"@type":"type.googleapis.com/google.api.serviceusage.v1beta1.ServiceIdentity","email":"service-1070248841383@gcp-sa-eventarc.iam.gserviceaccount.com","uniqueId":"118197077118676892891"}}
[debug] [2026-06-11T02:17:24.235Z] <<< [apiv2][status] POST https://serviceusage.googleapis.com/v1beta1/projects/1070248841383/services/pubsub.googleapis.com:generateServiceIdentity 200
[debug] [2026-06-11T02:17:24.236Z] <<< [apiv2][body] POST https://serviceusage.googleapis.com/v1beta1/projects/1070248841383/services/pubsub.googleapis.com:generateServiceIdentity {"name":"operations/finished.DONE_OPERATION","done":true,"response":{"@type":"type.googleapis.com/google.api.serviceusage.v1beta1.ServiceIdentity","email":"service-1070248841383@gcp-sa-pubsub.iam.gserviceaccount.com","uniqueId":"109603220624712639847"}}
[info] i  functions: ensuring required API secretmanager.googleapis.com is enabled... 
[debug] [2026-06-11T02:17:24.248Z] Checked if tokens are valid: true, expires at: 1781145571599
[debug] [2026-06-11T02:17:24.249Z] Checked if tokens are valid: true, expires at: 1781145571599
[debug] [2026-06-11T02:17:24.249Z] Checked if tokens are valid: true, expires at: 1781145571599
[debug] [2026-06-11T02:17:24.249Z] Checked if tokens are valid: true, expires at: 1781145571599
[debug] [2026-06-11T02:17:24.249Z] Checked if tokens are valid: true, expires at: 1781145571599
[debug] [2026-06-11T02:17:24.249Z] Checked if tokens are valid: true, expires at: 1781145571599
[debug] [2026-06-11T02:17:24.249Z] Checked if tokens are valid: true, expires at: 1781145571599
[debug] [2026-06-11T02:17:24.249Z] Checked if tokens are valid: true, expires at: 1781145571599
[debug] [2026-06-11T02:17:24.249Z] Checked if tokens are valid: true, expires at: 1781145571599
[debug] [2026-06-11T02:17:24.249Z] Checked if tokens are valid: true, expires at: 1781145571599
[debug] [2026-06-11T02:17:24.250Z] >>> [apiv2][query] GET https://secretmanager.googleapis.com/v1/projects/blu-app-camara/secrets/YOUTUBE_CLIENT_ID/versions/latest [none]
[debug] [2026-06-11T02:17:24.252Z] >>> [apiv2][query] GET https://secretmanager.googleapis.com/v1/projects/blu-app-camara/secrets/YOUTUBE_CLIENT_SECRET/versions/latest [none]
[debug] [2026-06-11T02:17:24.254Z] >>> [apiv2][query] GET https://secretmanager.googleapis.com/v1/projects/blu-app-camara/secrets/YOUTUBE_REFRESH_TOKEN/versions/latest [none]
[debug] [2026-06-11T02:17:24.258Z] >>> [apiv2][query] GET https://secretmanager.googleapis.com/v1/projects/blu-app-camara/secrets/YOUTUBE_CHANNEL_ID/versions/latest [none]
[debug] [2026-06-11T02:17:24.259Z] >>> [apiv2][query] GET https://secretmanager.googleapis.com/v1/projects/blu-app-camara/secrets/YOUTUBE_PLAYLIST_ID/versions/latest [none]
[debug] [2026-06-11T02:17:24.990Z] <<< [apiv2][status] GET https://secretmanager.googleapis.com/v1/projects/blu-app-camara/secrets/YOUTUBE_PLAYLIST_ID/versions/latest 200
[debug] [2026-06-11T02:17:24.991Z] <<< [apiv2][body] GET https://secretmanager.googleapis.com/v1/projects/blu-app-camara/secrets/YOUTUBE_PLAYLIST_ID/versions/latest {"name":"projects/1070248841383/secrets/YOUTUBE_PLAYLIST_ID/versions/1","createTime":"2026-06-11T01:52:48.501939Z","state":"ENABLED","replicationStatus":{"automatic":{}},"etag":"\"1653f09e02c4b3\""}
[debug] [2026-06-11T02:17:24.991Z] Resolved secret version of YOUTUBE_PLAYLIST_ID to 1.
[debug] [2026-06-11T02:17:24.992Z] <<< [apiv2][status] GET https://secretmanager.googleapis.com/v1/projects/blu-app-camara/secrets/YOUTUBE_CHANNEL_ID/versions/latest 200
[debug] [2026-06-11T02:17:24.992Z] <<< [apiv2][body] GET https://secretmanager.googleapis.com/v1/projects/blu-app-camara/secrets/YOUTUBE_CHANNEL_ID/versions/latest {"name":"projects/1070248841383/secrets/YOUTUBE_CHANNEL_ID/versions/1","createTime":"2026-06-11T01:56:23.692184Z","state":"ENABLED","replicationStatus":{"automatic":{}},"etag":"\"1653f0aad64f98\""}
[debug] [2026-06-11T02:17:24.992Z] Resolved secret version of YOUTUBE_CHANNEL_ID to 1.
[debug] [2026-06-11T02:17:25.008Z] <<< [apiv2][status] GET https://secretmanager.googleapis.com/v1/projects/blu-app-camara/secrets/YOUTUBE_CLIENT_SECRET/versions/latest 200
[debug] [2026-06-11T02:17:25.008Z] <<< [apiv2][body] GET https://secretmanager.googleapis.com/v1/projects/blu-app-camara/secrets/YOUTUBE_CLIENT_SECRET/versions/latest {"name":"projects/1070248841383/secrets/YOUTUBE_CLIENT_SECRET/versions/1","createTime":"2026-06-11T01:42:33.611146Z","state":"ENABLED","replicationStatus":{"automatic":{}},"etag":"\"1653f0795c478a\""}
[debug] [2026-06-11T02:17:25.008Z] Resolved secret version of YOUTUBE_CLIENT_SECRET to 1.
[debug] [2026-06-11T02:17:25.023Z] <<< [apiv2][status] GET https://secretmanager.googleapis.com/v1/projects/blu-app-camara/secrets/YOUTUBE_REFRESH_TOKEN/versions/latest 200
[debug] [2026-06-11T02:17:25.024Z] <<< [apiv2][body] GET https://secretmanager.googleapis.com/v1/projects/blu-app-camara/secrets/YOUTUBE_REFRESH_TOKEN/versions/latest {"name":"projects/1070248841383/secrets/YOUTUBE_REFRESH_TOKEN/versions/1","createTime":"2026-06-11T01:52:18.175042Z","state":"ENABLED","replicationStatus":{"automatic":{}},"etag":"\"1653f09c340442\""}
[debug] [2026-06-11T02:17:25.024Z] Resolved secret version of YOUTUBE_REFRESH_TOKEN to 1.
[debug] [2026-06-11T02:17:25.027Z] <<< [apiv2][status] GET https://secretmanager.googleapis.com/v1/projects/blu-app-camara/secrets/YOUTUBE_CLIENT_ID/versions/latest 200
[debug] [2026-06-11T02:17:25.028Z] <<< [apiv2][body] GET https://secretmanager.googleapis.com/v1/projects/blu-app-camara/secrets/YOUTUBE_CLIENT_ID/versions/latest {"name":"projects/1070248841383/secrets/YOUTUBE_CLIENT_ID/versions/1","createTime":"2026-06-11T01:42:02.927539Z","state":"ENABLED","replicationStatus":{"automatic":{}},"etag":"\"1653f0778815b3\""}
[debug] [2026-06-11T02:17:25.028Z] Resolved secret version of YOUTUBE_CLIENT_ID to 1.
[debug] [2026-06-11T02:17:25.029Z] Checked if tokens are valid: true, expires at: 1781145571599
[debug] [2026-06-11T02:17:25.029Z] Checked if tokens are valid: true, expires at: 1781145571599
[debug] [2026-06-11T02:17:25.029Z] >>> [apiv2][query] GET https://cloudresourcemanager.googleapis.com/v1/projects/blu-app-camara [none]
[debug] [2026-06-11T02:17:26.046Z] <<< [apiv2][status] GET https://cloudresourcemanager.googleapis.com/v1/projects/blu-app-camara 200
[debug] [2026-06-11T02:17:26.046Z] <<< [apiv2][body] GET https://cloudresourcemanager.googleapis.com/v1/projects/blu-app-camara {"projectNumber":"1070248841383","projectId":"blu-app-camara","lifecycleState":"ACTIVE","name":"blu-app-camara","labels":{"firebase":"enabled","firebase-core":"disabled"},"createTime":"2026-03-10T15:40:34.801998Z"}
[debug] [2026-06-11T02:17:26.047Z] Checked if tokens are valid: true, expires at: 1781145571599
[debug] [2026-06-11T02:17:26.047Z] Checked if tokens are valid: true, expires at: 1781145571599
[debug] [2026-06-11T02:17:26.047Z] >>> [apiv2][query] GET https://compute.googleapis.com/compute/v1/projects/1070248841383 [none]
[debug] [2026-06-11T02:17:26.674Z] <<< [apiv2][status] GET https://compute.googleapis.com/compute/v1/projects/1070248841383 200
[debug] [2026-06-11T02:17:26.674Z] <<< [apiv2][body] GET https://compute.googleapis.com/compute/v1/projects/1070248841383 {"kind":"compute#project","id":"2543279228251348756","creationTimestamp":"2026-06-03T14:51:55.263-07:00","name":"blu-app-camara","commonInstanceMetadata":{"kind":"compute#metadata","fingerprint":"Ils_mGH6Ve0="},"quotas":[{"metric":"SNAPSHOTS","limit":1000,"usage":0},{"metric":"NETWORKS","limit":5,"usage":1},{"metric":"FIREWALLS","limit":100,"usage":4},{"metric":"IMAGES","limit":100,"usage":0},{"metric":"STATIC_ADDRESSES","limit":8,"usage":0},{"metric":"ROUTES","limit":200,"usage":0},{"metric":"FORWARDING_RULES","limit":15,"usage":0},{"metric":"TARGET_POOLS","limit":50,"usage":0},{"metric":"HEALTH_CHECKS","limit":75,"usage":0},{"metric":"IN_USE_ADDRESSES","limit":4,"usage":0},{"metric":"TARGET_INSTANCES","limit":50,"usage":0},{"metric":"TARGET_HTTP_PROXIES","limit":10,"usage":0},{"metric":"URL_MAPS","limit":10,"usage":0},{"metric":"BACKEND_SERVICES","limit":50,"usage":0},{"metric":"INSTANCE_TEMPLATES","limit":100,"usage":0},{"metric":"TARGET_VPN_GATEWAYS","limit":5,"usage":0},{"metric":"VPN_TUNNELS","limit":10,"usage":0},{"metric":"BACKEND_BUCKETS","limit":3,"usage":0},{"metric":"ROUTERS","limit":10,"usage":0},{"metric":"TARGET_SSL_PROXIES","limit":10,"usage":0},{"metric":"TARGET_HTTPS_PROXIES","limit":10,"usage":0},{"metric":"SSL_CERTIFICATES","limit":10,"usage":0},{"metric":"SUBNETWORKS","limit":100,"usage":0},{"metric":"TARGET_TCP_PROXIES","limit":10,"usage":0},{"metric":"CPUS_ALL_REGIONS","limit":12,"usage":0},{"metric":"SECURITY_POLICIES","limit":0,"usage":0},{"metric":"SECURITY_POLICY_RULES","limit":0,"usage":0},{"metric":"XPN_SERVICE_PROJECTS","limit":1000,"usage":0},{"metric":"PACKET_MIRRORINGS","limit":20,"usage":0},{"metric":"NETWORK_ENDPOINT_GROUPS","limit":100,"usage":0},{"metric":"INTERCONNECTS","limit":6,"usage":0},{"metric":"SSL_POLICIES","limit":10,"usage":0},{"metric":"GLOBAL_INTERNAL_ADDRESSES","limit":5000,"usage":0},{"metric":"VPN_GATEWAYS","limit":5,"usage":0},{"metric":"MACHINE_IMAGES","limit":100,"usage":0},{"metric":"SECURITY_POLICY_CEVAL_RULES","limit":0,"usage":0},{"metric":"GPUS_ALL_REGIONS","limit":0,"usage":0},{"metric":"EXTERNAL_VPN_GATEWAYS","limit":5,"usage":0},{"metric":"PUBLIC_ADVERTISED_PREFIXES","limit":1,"usage":0},{"metric":"PUBLIC_DELEGATED_PREFIXES","limit":10,"usage":0},{"metric":"STATIC_BYOIP_ADDRESSES","limit":128,"usage":0},{"metric":"NETWORK_FIREWALL_POLICIES","limit":10,"usage":0},{"metric":"INTERNAL_TRAFFIC_DIRECTOR_FORWARDING_RULES","limit":15,"usage":0},{"metric":"GLOBAL_EXTERNAL_MANAGED_FORWARDING_RULES","limit":15,"usage":0},{"metric":"GLOBAL_INTERNAL_MANAGED_BACKEND_SERVICES","limit":50,"usage":0},{"metric":"GLOBAL_EXTERNAL_MANAGED_BACKEND_SERVICES","limit":50,"usage":0},{"metric":"GLOBAL_EXTERNAL_PROXY_LB_BACKEND_SERVICES","limit":50,"usage":0},{"metric":"GLOBAL_INTERNAL_TRAFFIC_DIRECTOR_BACKEND_SERVICES","limit":100,"usage":0}],"selfLink":"https://www.googleapis.com/compute/v1/projects/blu-app-camara","defaultServiceAccount":"1070248841383-compute@developer.gserviceaccount.com","xpnProjectStatus":"UNSPECIFIED_XPN_PROJECT_STATUS","defaultNetworkTier":"PREMIUM","vmDnsSetting":"ZONAL_ONLY","cloudArmorTier":"CA_STANDARD"}
[debug] [2026-06-11T02:17:26.676Z] Checked if tokens are valid: true, expires at: 1781145571599
[debug] [2026-06-11T02:17:26.677Z] Checked if tokens are valid: true, expires at: 1781145571599
[debug] [2026-06-11T02:17:26.677Z] >>> [apiv2][query] GET https://cloudbilling.googleapis.com/v1/projects/blu-app-camara/billingInfo [none]
[debug] [2026-06-11T02:17:27.855Z] <<< [apiv2][status] GET https://cloudbilling.googleapis.com/v1/projects/blu-app-camara/billingInfo 200
[debug] [2026-06-11T02:17:27.856Z] <<< [apiv2][body] GET https://cloudbilling.googleapis.com/v1/projects/blu-app-camara/billingInfo {"name":"projects/blu-app-camara/billingInfo","projectId":"blu-app-camara","billingAccountName":"billingAccounts/01CF6F-9F9D4A-92C875","billingEnabled":true}
[debug] [2026-06-11T02:17:27.859Z] Checked if tokens are valid: true, expires at: 1781145571599
[debug] [2026-06-11T02:17:27.859Z] Checked if tokens are valid: true, expires at: 1781145571599
[debug] [2026-06-11T02:17:27.859Z] >>> [apiv2][query] POST https://cloudfunctions.googleapis.com/v2/projects/blu-app-camara/locations/us-central1/functions:generateUploadUrl [none]
[debug] [2026-06-11T02:17:29.155Z] <<< [apiv2][status] POST https://cloudfunctions.googleapis.com/v2/projects/blu-app-camara/locations/us-central1/functions:generateUploadUrl 200
[debug] [2026-06-11T02:17:29.155Z] <<< [apiv2][body] POST https://cloudfunctions.googleapis.com/v2/projects/blu-app-camara/locations/us-central1/functions:generateUploadUrl {"uploadUrl":"https://storage.googleapis.com/gcf-v2-uploads-1070248841383.us-central1.cloudfunctions.appspot.com/b1e863fc-3dec-452a-aa7b-66a0e1043fa5.zip?GoogleAccessId=service-1070248841383@gcf-admin-robot.iam.gserviceaccount.com&Expires=1781146049&Signature=NJlCD5TQmjpBaAig9FRVawq3%2FsIKBvrKPwyNnUXVR1Jw9B%2F%2F4r09atLLrl7qZgbB0URldt6DZHqAqQCzm7dvCWRS738%2FXYUTvL1MV%2Brdv3L%2BdzDCLyZLF8hY%2B6qQKKAoQJpXZTVbPFPXyOSV9yM6CZFxrZE79CKKN1qv%2Bj7bGi%2BtHng2yEv%2F5YwzuXv0TQFQp1L18yLI54kpp%2FFTdvHIUCvp0J%2BHyDLID%2Bo6YQYySRT5ofoWg0dMtEO9PV8ScH4ENh8eJkmWVQe1RjiqM6yDUMXdJhv%2B9WgCfXjDOlAAPE5z9dybdqG48%2FjUbKWBkEOASIliluwUVstoG%2Bdq0ModuA%3D%3D","storageSource":{"bucket":"gcf-v2-uploads-1070248841383.us-central1.cloudfunctions.appspot.com","object":"b1e863fc-3dec-452a-aa7b-66a0e1043fa5.zip"}}
[debug] [2026-06-11T02:17:29.156Z] >>> [apiv2][query] PUT https://storage.googleapis.com/gcf-v2-uploads-1070248841383.us-central1.cloudfunctions.appspot.com/b1e863fc-3dec-452a-aa7b-66a0e1043fa5.zip GoogleAccessId=service-1070248841383%40gcf-admin-robot.iam.gserviceaccount.com&Expires=1781146049&Signature=NJlCD5TQmjpBaAig9FRVawq3%2FsIKBvrKPwyNnUXVR1Jw9B%2F%2F4r09atLLrl7qZgbB0URldt6DZHqAqQCzm7dvCWRS738%2FXYUTvL1MV%2Brdv3L%2BdzDCLyZLF8hY%2B6qQKKAoQJpXZTVbPFPXyOSV9yM6CZFxrZE79CKKN1qv%2Bj7bGi%2BtHng2yEv%2F5YwzuXv0TQFQp1L18yLI54kpp%2FFTdvHIUCvp0J%2BHyDLID%2Bo6YQYySRT5ofoWg0dMtEO9PV8ScH4ENh8eJkmWVQe1RjiqM6yDUMXdJhv%2B9WgCfXjDOlAAPE5z9dybdqG48%2FjUbKWBkEOASIliluwUVstoG%2Bdq0ModuA%3D%3D
[debug] [2026-06-11T02:17:29.157Z] >>> [apiv2][body] PUT https://storage.googleapis.com/gcf-v2-uploads-1070248841383.us-central1.cloudfunctions.appspot.com/b1e863fc-3dec-452a-aa7b-66a0e1043fa5.zip [stream]
[debug] [2026-06-11T02:17:29.985Z] <<< [apiv2][status] PUT https://storage.googleapis.com/gcf-v2-uploads-1070248841383.us-central1.cloudfunctions.appspot.com/b1e863fc-3dec-452a-aa7b-66a0e1043fa5.zip 200
[debug] [2026-06-11T02:17:29.985Z] <<< [apiv2][body] PUT https://storage.googleapis.com/gcf-v2-uploads-1070248841383.us-central1.cloudfunctions.appspot.com/b1e863fc-3dec-452a-aa7b-66a0e1043fa5.zip [omitted]
[info] ✔  functions: functions source uploaded successfully 
[info] i  functions: creating Node.js 20 (2nd Gen) function atualizarPlaylistYoutube(southamerica-east1)... 
[debug] [2026-06-11T02:17:29.991Z] Checked if tokens are valid: true, expires at: 1781145571599
[debug] [2026-06-11T02:17:29.991Z] Checked if tokens are valid: true, expires at: 1781145571599
[debug] [2026-06-11T02:17:29.991Z] >>> [apiv2][query] POST https://cloudfunctions.googleapis.com/v2/projects/blu-app-camara/locations/southamerica-east1/functions functionId=atualizarPlaylistYoutube
[debug] [2026-06-11T02:17:29.991Z] >>> [apiv2][body] POST https://cloudfunctions.googleapis.com/v2/projects/blu-app-camara/locations/southamerica-east1/functions {"name":"projects/blu-app-camara/locations/southamerica-east1/functions/atualizarPlaylistYoutube","buildConfig":{"runtime":"nodejs20","entryPoint":"atualizarPlaylistYoutube","source":{"storageSource":{"bucket":"gcf-v2-uploads-1070248841383.us-central1.cloudfunctions.appspot.com","object":"b1e863fc-3dec-452a-aa7b-66a0e1043fa5.zip"}},"environmentVariables":{"GOOGLE_NODE_RUN_SCRIPTS":""}},"serviceConfig":{"environmentVariables":{"GMAIL_EMAIL":"blutecnologiasbr@gmail.com","FIREBASE_CONFIG":"{\"projectId\":\"blu-app-camara\",\"databaseURL\":\"https://blu-app-camara-default-rtdb.firebaseio.com\",\"storageBucket\":\"blu-app-camara.firebasestorage.app\"}","GCLOUD_PROJECT":"blu-app-camara","EVENTARC_CLOUD_EVENT_SOURCE":"projects/blu-app-camara/locations/southamerica-east1/services/atualizarPlaylistYoutube","FUNCTION_TARGET":"atualizarPlaylistYoutube","LOG_EXECUTION_ID":"true"},"secretEnvironmentVariables":[{"key":"YOUTUBE_CLIENT_ID","secret":"YOUTUBE_CLIENT_ID","projectId":"blu-app-camara","version":"1"},{"key":"YOUTUBE_CLIENT_SECRET","secret":"YOUTUBE_CLIENT_SECRET","projectId":"blu-app-camara","version":"1"},{"key":"YOUTUBE_REFRESH_TOKEN","secret":"YOUTUBE_REFRESH_TOKEN","projectId":"blu-app-camara","version":"1"},{"key":"YOUTUBE_CHANNEL_ID","secret":"YOUTUBE_CHANNEL_ID","projectId":"blu-app-camara","version":"1"},{"key":"YOUTUBE_PLAYLIST_ID","secret":"YOUTUBE_PLAYLIST_ID","projectId":"blu-app-camara","version":"1"}],"ingressSettings":null,"timeoutSeconds":null,"serviceAccountEmail":null,"availableMemory":"256Mi","minInstanceCount":null,"maxInstanceCount":null,"maxInstanceRequestConcurrency":80,"availableCpu":"1","vpcConnector":null,"vpcConnectorEgressSettings":null},"labels":{"deployment-tool":"cli-firebase","deployment-scheduled":"true","firebase-functions-hash":"c96366beff10b5ca5ab85183390f1f50ee682007"}}
[debug] [2026-06-11T02:17:31.899Z] <<< [apiv2][status] POST https://cloudfunctions.googleapis.com/v2/projects/blu-app-camara/locations/southamerica-east1/functions 200
[debug] [2026-06-11T02:17:31.899Z] <<< [apiv2][body] POST https://cloudfunctions.googleapis.com/v2/projects/blu-app-camara/locations/southamerica-east1/functions {"name":"projects/blu-app-camara/locations/southamerica-east1/operations/operation-1781144250581-653f0f65981fd-daed2466-5b499973","metadata":{"@type":"type.googleapis.com/google.cloud.functions.v2.OperationMetadata","createTime":"2026-06-11T02:17:31.986669208Z","target":"projects/blu-app-camara/locations/southamerica-east1/functions/atualizarPlaylistYoutube","verb":"create","cancelRequested":false,"apiVersion":"v2"},"done":false}
[debug] [2026-06-11T02:17:31.900Z] Checked if tokens are valid: true, expires at: 1781145571599
[debug] [2026-06-11T02:17:31.900Z] Checked if tokens are valid: true, expires at: 1781145571599
[debug] [2026-06-11T02:17:31.900Z] >>> [apiv2][query] GET https://cloudfunctions.googleapis.com/v2/projects/blu-app-camara/locations/southamerica-east1/operations/operation-1781144250581-653f0f65981fd-daed2466-5b499973 [none]
[debug] [2026-06-11T02:17:32.405Z] <<< [apiv2][status] GET https://cloudfunctions.googleapis.com/v2/projects/blu-app-camara/locations/southamerica-east1/operations/operation-1781144250581-653f0f65981fd-daed2466-5b499973 200
[debug] [2026-06-11T02:17:32.405Z] <<< [apiv2][body] GET https://cloudfunctions.googleapis.com/v2/projects/blu-app-camara/locations/southamerica-east1/operations/operation-1781144250581-653f0f65981fd-daed2466-5b499973 {"name":"projects/blu-app-camara/locations/southamerica-east1/operations/operation-1781144250581-653f0f65981fd-daed2466-5b499973","metadata":{"@type":"type.googleapis.com/google.cloud.functions.v2.OperationMetadata","createTime":"2026-06-11T02:17:31.986669208Z","target":"projects/blu-app-camara/locations/southamerica-east1/functions/atualizarPlaylistYoutube","verb":"create","cancelRequested":false,"apiVersion":"v2","requestResource":{"@type":"type.googleapis.com/google.cloud.functions.v2.Function","name":"projects/blu-app-camara/locations/southamerica-east1/functions/atualizarPlaylistYoutube","buildConfig":{"runtime":"nodejs20","entryPoint":"atualizarPlaylistYoutube","source":{"storageSource":{"bucket":"gcf-v2-sources-1070248841383-southamerica-east1","object":"atualizarPlaylistYoutube/function-source.zip","generation":"1781144251547635"}},"environmentVariables":{"GOOGLE_NODE_RUN_SCRIPTS":""},"serviceAccount":"projects/blu-app-camara/serviceAccounts/1070248841383-compute@developer.gserviceaccount.com","automaticUpdatePolicy":{}},"serviceConfig":{"service":"projects/blu-app-camara/locations/southamerica-east1/services/atualizarplaylistyoutube","timeoutSeconds":60,"environmentVariables":{"GMAIL_EMAIL":"blutecnologiasbr@gmail.com","FIREBASE_CONFIG":"{\"projectId\":\"blu-app-camara\",\"databaseURL\":\"https://blu-app-camara-default-rtdb.firebaseio.com\",\"storageBucket\":\"blu-app-camara.firebasestorage.app\"}","GCLOUD_PROJECT":"blu-app-camara","EVENTARC_CLOUD_EVENT_SOURCE":"projects/blu-app-camara/locations/southamerica-east1/services/atualizarPlaylistYoutube","FUNCTION_TARGET":"atualizarPlaylistYoutube","LOG_EXECUTION_ID":"true"},"ingressSettings":"ALLOW_ALL","serviceAccountEmail":"1070248841383-compute@developer.gserviceaccount.com","availableMemory":"256Mi","secretEnvironmentVariables":[{"key":"YOUTUBE_CLIENT_ID","projectId":"blu-app-camara","secret":"YOUTUBE_CLIENT_ID","version":"1"},{"key":"YOUTUBE_CLIENT_SECRET","projectId":"blu-app-camara","secret":"YOUTUBE_CLIENT_SECRET","version":"1"},{"key":"YOUTUBE_REFRESH_TOKEN","projectId":"blu-app-camara","secret":"YOUTUBE_REFRESH_TOKEN","version":"1"},{"key":"YOUTUBE_CHANNEL_ID","projectId":"blu-app-camara","secret":"YOUTUBE_CHANNEL_ID","version":"1"},{"key":"YOUTUBE_PLAYLIST_ID","projectId":"blu-app-camara","secret":"YOUTUBE_PLAYLIST_ID","version":"1"}],"maxInstanceRequestConcurrency":80,"availableCpu":"1"},"labels":{"deployment-tool":"cli-firebase","deployment-scheduled":"true","firebase-functions-hash":"c96366beff10b5ca5ab85183390f1f50ee682007"},"environment":"GEN_2"},"stages":[{"name":"BUILD","state":"NOT_STARTED","stateMessages":[{"severity":"WARNING","type":"BuildAnalysisWarning","message":"Node.js 20 is no longer supported by the Node.js community as of 30 April, 2026. Runtime nodejs20 is currently deprecated for Cloud Functions. We recommend you to upgrade to the latest version of Node.js as soon as possible."}]},{"name":"SERVICE","state":"NOT_STARTED"}],"operationType":"CREATE_FUNCTION"},"done":false}
[debug] [2026-06-11T02:17:32.907Z] [create-default-southamerica-east1-atualizarPlaylistYoutube] Retrying task index 0
[debug] [2026-06-11T02:17:32.907Z] Checked if tokens are valid: true, expires at: 1781145571599
[debug] [2026-06-11T02:17:32.908Z] Checked if tokens are valid: true, expires at: 1781145571599
[debug] [2026-06-11T02:17:32.908Z] >>> [apiv2][query] GET https://cloudfunctions.googleapis.com/v2/projects/blu-app-camara/locations/southamerica-east1/operations/operation-1781144250581-653f0f65981fd-daed2466-5b499973 [none]
[debug] [2026-06-11T02:17:33.487Z] <<< [apiv2][status] GET https://cloudfunctions.googleapis.com/v2/projects/blu-app-camara/locations/southamerica-east1/operations/operation-1781144250581-653f0f65981fd-daed2466-5b499973 200
[debug] [2026-06-11T02:17:33.487Z] <<< [apiv2][body] GET https://cloudfunctions.googleapis.com/v2/projects/blu-app-camara/locations/southamerica-east1/operations/operation-1781144250581-653f0f65981fd-daed2466-5b499973 {"name":"projects/blu-app-camara/locations/southamerica-east1/operations/operation-1781144250581-653f0f65981fd-daed2466-5b499973","metadata":{"@type":"type.googleapis.com/google.cloud.functions.v2.OperationMetadata","createTime":"2026-06-11T02:17:31.986669208Z","target":"projects/blu-app-camara/locations/southamerica-east1/functions/atualizarPlaylistYoutube","verb":"create","cancelRequested":false,"apiVersion":"v2","requestResource":{"@type":"type.googleapis.com/google.cloud.functions.v2.Function","name":"projects/blu-app-camara/locations/southamerica-east1/functions/atualizarPlaylistYoutube","buildConfig":{"runtime":"nodejs20","entryPoint":"atualizarPlaylistYoutube","source":{"storageSource":{"bucket":"gcf-v2-sources-1070248841383-southamerica-east1","object":"atualizarPlaylistYoutube/function-source.zip","generation":"1781144251547635"}},"environmentVariables":{"GOOGLE_NODE_RUN_SCRIPTS":""},"serviceAccount":"projects/blu-app-camara/serviceAccounts/1070248841383-compute@developer.gserviceaccount.com","automaticUpdatePolicy":{}},"serviceConfig":{"service":"projects/blu-app-camara/locations/southamerica-east1/services/atualizarplaylistyoutube","timeoutSeconds":60,"environmentVariables":{"GMAIL_EMAIL":"blutecnologiasbr@gmail.com","FIREBASE_CONFIG":"{\"projectId\":\"blu-app-camara\",\"databaseURL\":\"https://blu-app-camara-default-rtdb.firebaseio.com\",\"storageBucket\":\"blu-app-camara.firebasestorage.app\"}","GCLOUD_PROJECT":"blu-app-camara","EVENTARC_CLOUD_EVENT_SOURCE":"projects/blu-app-camara/locations/southamerica-east1/services/atualizarPlaylistYoutube","FUNCTION_TARGET":"atualizarPlaylistYoutube","LOG_EXECUTION_ID":"true"},"ingressSettings":"ALLOW_ALL","serviceAccountEmail":"1070248841383-compute@developer.gserviceaccount.com","availableMemory":"256Mi","secretEnvironmentVariables":[{"key":"YOUTUBE_CLIENT_ID","projectId":"blu-app-camara","secret":"YOUTUBE_CLIENT_ID","version":"1"},{"key":"YOUTUBE_CLIENT_SECRET","projectId":"blu-app-camara","secret":"YOUTUBE_CLIENT_SECRET","version":"1"},{"key":"YOUTUBE_REFRESH_TOKEN","projectId":"blu-app-camara","secret":"YOUTUBE_REFRESH_TOKEN","version":"1"},{"key":"YOUTUBE_CHANNEL_ID","projectId":"blu-app-camara","secret":"YOUTUBE_CHANNEL_ID","version":"1"},{"key":"YOUTUBE_PLAYLIST_ID","projectId":"blu-app-camara","secret":"YOUTUBE_PLAYLIST_ID","version":"1"}],"maxInstanceRequestConcurrency":80,"availableCpu":"1"},"labels":{"deployment-tool":"cli-firebase","deployment-scheduled":"true","firebase-functions-hash":"c96366beff10b5ca5ab85183390f1f50ee682007"},"environment":"GEN_2"},"stages":[{"name":"BUILD","message":"Build in progress","state":"IN_PROGRESS","resource":"projects/1070248841383/locations/southamerica-east1/builds/6fb17ca8-1971-4bb4-b624-c1991660e6a2","resourceUri":"https://console.cloud.google.com/cloud-build/builds;region=southamerica-east1/6fb17ca8-1971-4bb4-b624-c1991660e6a2?project=1070248841383"},{"name":"SERVICE","state":"NOT_STARTED"}],"operationType":"CREATE_FUNCTION","buildName":"projects/1070248841383/locations/southamerica-east1/builds/6fb17ca8-1971-4bb4-b624-c1991660e6a2"},"done":false}
[debug] [2026-06-11T02:17:34.489Z] [create-default-southamerica-east1-atualizarPlaylistYoutube] Retrying task index 0
[debug] [2026-06-11T02:17:34.490Z] Checked if tokens are valid: true, expires at: 1781145571599
[debug] [2026-06-11T02:17:34.490Z] Checked if tokens are valid: true, expires at: 1781145571599
[debug] [2026-06-11T02:17:34.490Z] >>> [apiv2][query] GET https://cloudfunctions.googleapis.com/v2/projects/blu-app-camara/locations/southamerica-east1/operations/operation-1781144250581-653f0f65981fd-daed2466-5b499973 [none]
[debug] [2026-06-11T02:17:34.726Z] <<< [apiv2][status] GET https://cloudfunctions.googleapis.com/v2/projects/blu-app-camara/locations/southamerica-east1/operations/operation-1781144250581-653f0f65981fd-daed2466-5b499973 200
[debug] [2026-06-11T02:17:34.726Z] <<< [apiv2][body] GET https://cloudfunctions.googleapis.com/v2/projects/blu-app-camara/locations/southamerica-east1/operations/operation-1781144250581-653f0f65981fd-daed2466-5b499973 {"name":"projects/blu-app-camara/locations/southamerica-east1/operations/operation-1781144250581-653f0f65981fd-daed2466-5b499973","metadata":{"@type":"type.googleapis.com/google.cloud.functions.v2.OperationMetadata","createTime":"2026-06-11T02:17:31.986669208Z","target":"projects/blu-app-camara/locations/southamerica-east1/functions/atualizarPlaylistYoutube","verb":"create","cancelRequested":false,"apiVersion":"v2","requestResource":{"@type":"type.googleapis.com/google.cloud.functions.v2.Function","name":"projects/blu-app-camara/locations/southamerica-east1/functions/atualizarPlaylistYoutube","buildConfig":{"runtime":"nodejs20","entryPoint":"atualizarPlaylistYoutube","source":{"storageSource":{"bucket":"gcf-v2-sources-1070248841383-southamerica-east1","object":"atualizarPlaylistYoutube/function-source.zip","generation":"1781144251547635"}},"environmentVariables":{"GOOGLE_NODE_RUN_SCRIPTS":""},"serviceAccount":"projects/blu-app-camara/serviceAccounts/1070248841383-compute@developer.gserviceaccount.com","automaticUpdatePolicy":{}},"serviceConfig":{"service":"projects/blu-app-camara/locations/southamerica-east1/services/atualizarplaylistyoutube","timeoutSeconds":60,"environmentVariables":{"GMAIL_EMAIL":"blutecnologiasbr@gmail.com","FIREBASE_CONFIG":"{\"projectId\":\"blu-app-camara\",\"databaseURL\":\"https://blu-app-camara-default-rtdb.firebaseio.com\",\"storageBucket\":\"blu-app-camara.firebasestorage.app\"}","GCLOUD_PROJECT":"blu-app-camara","EVENTARC_CLOUD_EVENT_SOURCE":"projects/blu-app-camara/locations/southamerica-east1/services/atualizarPlaylistYoutube","FUNCTION_TARGET":"atualizarPlaylistYoutube","LOG_EXECUTION_ID":"true"},"ingressSettings":"ALLOW_ALL","serviceAccountEmail":"1070248841383-compute@developer.gserviceaccount.com","availableMemory":"256Mi","secretEnvironmentVariables":[{"key":"YOUTUBE_CLIENT_ID","projectId":"blu-app-camara","secret":"YOUTUBE_CLIENT_ID","version":"1"},{"key":"YOUTUBE_CLIENT_SECRET","projectId":"blu-app-camara","secret":"YOUTUBE_CLIENT_SECRET","version":"1"},{"key":"YOUTUBE_REFRESH_TOKEN","projectId":"blu-app-camara","secret":"YOUTUBE_REFRESH_TOKEN","version":"1"},{"key":"YOUTUBE_CHANNEL_ID","projectId":"blu-app-camara","secret":"YOUTUBE_CHANNEL_ID","version":"1"},{"key":"YOUTUBE_PLAYLIST_ID","projectId":"blu-app-camara","secret":"YOUTUBE_PLAYLIST_ID","version":"1"}],"maxInstanceRequestConcurrency":80,"availableCpu":"1"},"labels":{"deployment-tool":"cli-firebase","deployment-scheduled":"true","firebase-functions-hash":"c96366beff10b5ca5ab85183390f1f50ee682007"},"environment":"GEN_2"},"stages":[{"name":"BUILD","message":"Build in progress","state":"IN_PROGRESS","resource":"projects/1070248841383/locations/southamerica-east1/builds/6fb17ca8-1971-4bb4-b624-c1991660e6a2","resourceUri":"https://console.cloud.google.com/cloud-build/builds;region=southamerica-east1/6fb17ca8-1971-4bb4-b624-c1991660e6a2?project=1070248841383"},{"name":"SERVICE","state":"NOT_STARTED"}],"operationType":"CREATE_FUNCTION","buildName":"projects/1070248841383/locations/southamerica-east1/builds/6fb17ca8-1971-4bb4-b624-c1991660e6a2"},"done":false}
[debug] [2026-06-11T02:17:36.728Z] [create-default-southamerica-east1-atualizarPlaylistYoutube] Retrying task index 0
[debug] [2026-06-11T02:17:36.731Z] Checked if tokens are valid: true, expires at: 1781145571599
[debug] [2026-06-11T02:17:36.731Z] Checked if tokens are valid: true, expires at: 1781145571599
[debug] [2026-06-11T02:17:36.731Z] >>> [apiv2][query] GET https://cloudfunctions.googleapis.com/v2/projects/blu-app-camara/locations/southamerica-east1/operations/operation-1781144250581-653f0f65981fd-daed2466-5b499973 [none]
[debug] [2026-06-11T02:17:37.174Z] <<< [apiv2][status] GET https://cloudfunctions.googleapis.com/v2/projects/blu-app-camara/locations/southamerica-east1/operations/operation-1781144250581-653f0f65981fd-daed2466-5b499973 200
[debug] [2026-06-11T02:17:37.175Z] <<< [apiv2][body] GET https://cloudfunctions.googleapis.com/v2/projects/blu-app-camara/locations/southamerica-east1/operations/operation-1781144250581-653f0f65981fd-daed2466-5b499973 {"name":"projects/blu-app-camara/locations/southamerica-east1/operations/operation-1781144250581-653f0f65981fd-daed2466-5b499973","metadata":{"@type":"type.googleapis.com/google.cloud.functions.v2.OperationMetadata","createTime":"2026-06-11T02:17:31.986669208Z","target":"projects/blu-app-camara/locations/southamerica-east1/functions/atualizarPlaylistYoutube","verb":"create","cancelRequested":false,"apiVersion":"v2","requestResource":{"@type":"type.googleapis.com/google.cloud.functions.v2.Function","name":"projects/blu-app-camara/locations/southamerica-east1/functions/atualizarPlaylistYoutube","buildConfig":{"runtime":"nodejs20","entryPoint":"atualizarPlaylistYoutube","source":{"storageSource":{"bucket":"gcf-v2-sources-1070248841383-southamerica-east1","object":"atualizarPlaylistYoutube/function-source.zip","generation":"1781144251547635"}},"environmentVariables":{"GOOGLE_NODE_RUN_SCRIPTS":""},"serviceAccount":"projects/blu-app-camara/serviceAccounts/1070248841383-compute@developer.gserviceaccount.com","automaticUpdatePolicy":{}},"serviceConfig":{"service":"projects/blu-app-camara/locations/southamerica-east1/services/atualizarplaylistyoutube","timeoutSeconds":60,"environmentVariables":{"GMAIL_EMAIL":"blutecnologiasbr@gmail.com","FIREBASE_CONFIG":"{\"projectId\":\"blu-app-camara\",\"databaseURL\":\"https://blu-app-camara-default-rtdb.firebaseio.com\",\"storageBucket\":\"blu-app-camara.firebasestorage.app\"}","GCLOUD_PROJECT":"blu-app-camara","EVENTARC_CLOUD_EVENT_SOURCE":"projects/blu-app-camara/locations/southamerica-east1/services/atualizarPlaylistYoutube","FUNCTION_TARGET":"atualizarPlaylistYoutube","LOG_EXECUTION_ID":"true"},"ingressSettings":"ALLOW_ALL","serviceAccountEmail":"1070248841383-compute@developer.gserviceaccount.com","availableMemory":"256Mi","secretEnvironmentVariables":[{"key":"YOUTUBE_CLIENT_ID","projectId":"blu-app-camara","secret":"YOUTUBE_CLIENT_ID","version":"1"},{"key":"YOUTUBE_CLIENT_SECRET","projectId":"blu-app-camara","secret":"YOUTUBE_CLIENT_SECRET","version":"1"},{"key":"YOUTUBE_REFRESH_TOKEN","projectId":"blu-app-camara","secret":"YOUTUBE_REFRESH_TOKEN","version":"1"},{"key":"YOUTUBE_CHANNEL_ID","projectId":"blu-app-camara","secret":"YOUTUBE_CHANNEL_ID","version":"1"},{"key":"YOUTUBE_PLAYLIST_ID","projectId":"blu-app-camara","secret":"YOUTUBE_PLAYLIST_ID","version":"1"}],"maxInstanceRequestConcurrency":80,"availableCpu":"1"},"labels":{"deployment-tool":"cli-firebase","deployment-scheduled":"true","firebase-functions-hash":"c96366beff10b5ca5ab85183390f1f50ee682007"},"environment":"GEN_2"},"stages":[{"name":"BUILD","message":"Build in progress","state":"IN_PROGRESS","resource":"projects/1070248841383/locations/southamerica-east1/builds/6fb17ca8-1971-4bb4-b624-c1991660e6a2","resourceUri":"https://console.cloud.google.com/cloud-build/builds;region=southamerica-east1/6fb17ca8-1971-4bb4-b624-c1991660e6a2?project=1070248841383"},{"name":"SERVICE","state":"NOT_STARTED"}],"operationType":"CREATE_FUNCTION","buildName":"projects/1070248841383/locations/southamerica-east1/builds/6fb17ca8-1971-4bb4-b624-c1991660e6a2"},"done":false}
[debug] [2026-06-11T02:17:41.180Z] [create-default-southamerica-east1-atualizarPlaylistYoutube] Retrying task index 0
[debug] [2026-06-11T02:17:41.187Z] Checked if tokens are valid: true, expires at: 1781145571599
[debug] [2026-06-11T02:17:41.189Z] Checked if tokens are valid: true, expires at: 1781145571599
[debug] [2026-06-11T02:17:41.190Z] >>> [apiv2][query] GET https://cloudfunctions.googleapis.com/v2/projects/blu-app-camara/locations/southamerica-east1/operations/operation-1781144250581-653f0f65981fd-daed2466-5b499973 [none]
[debug] [2026-06-11T02:17:41.682Z] <<< [apiv2][status] GET https://cloudfunctions.googleapis.com/v2/projects/blu-app-camara/locations/southamerica-east1/operations/operation-1781144250581-653f0f65981fd-daed2466-5b499973 200
[debug] [2026-06-11T02:17:41.682Z] <<< [apiv2][body] GET https://cloudfunctions.googleapis.com/v2/projects/blu-app-camara/locations/southamerica-east1/operations/operation-1781144250581-653f0f65981fd-daed2466-5b499973 {"name":"projects/blu-app-camara/locations/southamerica-east1/operations/operation-1781144250581-653f0f65981fd-daed2466-5b499973","metadata":{"@type":"type.googleapis.com/google.cloud.functions.v2.OperationMetadata","createTime":"2026-06-11T02:17:31.986669208Z","target":"projects/blu-app-camara/locations/southamerica-east1/functions/atualizarPlaylistYoutube","verb":"create","cancelRequested":false,"apiVersion":"v2","requestResource":{"@type":"type.googleapis.com/google.cloud.functions.v2.Function","name":"projects/blu-app-camara/locations/southamerica-east1/functions/atualizarPlaylistYoutube","buildConfig":{"runtime":"nodejs20","entryPoint":"atualizarPlaylistYoutube","source":{"storageSource":{"bucket":"gcf-v2-sources-1070248841383-southamerica-east1","object":"atualizarPlaylistYoutube/function-source.zip","generation":"1781144251547635"}},"environmentVariables":{"GOOGLE_NODE_RUN_SCRIPTS":""},"serviceAccount":"projects/blu-app-camara/serviceAccounts/1070248841383-compute@developer.gserviceaccount.com","automaticUpdatePolicy":{}},"serviceConfig":{"service":"projects/blu-app-camara/locations/southamerica-east1/services/atualizarplaylistyoutube","timeoutSeconds":60,"environmentVariables":{"GMAIL_EMAIL":"blutecnologiasbr@gmail.com","FIREBASE_CONFIG":"{\"projectId\":\"blu-app-camara\",\"databaseURL\":\"https://blu-app-camara-default-rtdb.firebaseio.com\",\"storageBucket\":\"blu-app-camara.firebasestorage.app\"}","GCLOUD_PROJECT":"blu-app-camara","EVENTARC_CLOUD_EVENT_SOURCE":"projects/blu-app-camara/locations/southamerica-east1/services/atualizarPlaylistYoutube","FUNCTION_TARGET":"atualizarPlaylistYoutube","LOG_EXECUTION_ID":"true"},"ingressSettings":"ALLOW_ALL","serviceAccountEmail":"1070248841383-compute@developer.gserviceaccount.com","availableMemory":"256Mi","secretEnvironmentVariables":[{"key":"YOUTUBE_CLIENT_ID","projectId":"blu-app-camara","secret":"YOUTUBE_CLIENT_ID","version":"1"},{"key":"YOUTUBE_CLIENT_SECRET","projectId":"blu-app-camara","secret":"YOUTUBE_CLIENT_SECRET","version":"1"},{"key":"YOUTUBE_REFRESH_TOKEN","projectId":"blu-app-camara","secret":"YOUTUBE_REFRESH_TOKEN","version":"1"},{"key":"YOUTUBE_CHANNEL_ID","projectId":"blu-app-camara","secret":"YOUTUBE_CHANNEL_ID","version":"1"},{"key":"YOUTUBE_PLAYLIST_ID","projectId":"blu-app-camara","secret":"YOUTUBE_PLAYLIST_ID","version":"1"}],"maxInstanceRequestConcurrency":80,"availableCpu":"1"},"labels":{"deployment-tool":"cli-firebase","deployment-scheduled":"true","firebase-functions-hash":"c96366beff10b5ca5ab85183390f1f50ee682007"},"environment":"GEN_2"},"stages":[{"name":"BUILD","message":"Build in progress","state":"IN_PROGRESS","resource":"projects/1070248841383/locations/southamerica-east1/builds/6fb17ca8-1971-4bb4-b624-c1991660e6a2","resourceUri":"https://console.cloud.google.com/cloud-build/builds;region=southamerica-east1/6fb17ca8-1971-4bb4-b624-c1991660e6a2?project=1070248841383"},{"name":"SERVICE","state":"NOT_STARTED"}],"operationType":"CREATE_FUNCTION","buildName":"projects/1070248841383/locations/southamerica-east1/builds/6fb17ca8-1971-4bb4-b624-c1991660e6a2"},"done":false}
[debug] [2026-06-11T02:17:49.685Z] [create-default-southamerica-east1-atualizarPlaylistYoutube] Retrying task index 0
[debug] [2026-06-11T02:17:49.688Z] Checked if tokens are valid: true, expires at: 1781145571599
[debug] [2026-06-11T02:17:49.688Z] Checked if tokens are valid: true, expires at: 1781145571599
[debug] [2026-06-11T02:17:49.690Z] >>> [apiv2][query] GET https://cloudfunctions.googleapis.com/v2/projects/blu-app-camara/locations/southamerica-east1/operations/operation-1781144250581-653f0f65981fd-daed2466-5b499973 [none]
[debug] [2026-06-11T02:17:50.390Z] <<< [apiv2][status] GET https://cloudfunctions.googleapis.com/v2/projects/blu-app-camara/locations/southamerica-east1/operations/operation-1781144250581-653f0f65981fd-daed2466-5b499973 200
[debug] [2026-06-11T02:17:50.390Z] <<< [apiv2][body] GET https://cloudfunctions.googleapis.com/v2/projects/blu-app-camara/locations/southamerica-east1/operations/operation-1781144250581-653f0f65981fd-daed2466-5b499973 {"name":"projects/blu-app-camara/locations/southamerica-east1/operations/operation-1781144250581-653f0f65981fd-daed2466-5b499973","metadata":{"@type":"type.googleapis.com/google.cloud.functions.v2.OperationMetadata","createTime":"2026-06-11T02:17:31.986669208Z","target":"projects/blu-app-camara/locations/southamerica-east1/functions/atualizarPlaylistYoutube","verb":"create","cancelRequested":false,"apiVersion":"v2","requestResource":{"@type":"type.googleapis.com/google.cloud.functions.v2.Function","name":"projects/blu-app-camara/locations/southamerica-east1/functions/atualizarPlaylistYoutube","buildConfig":{"runtime":"nodejs20","entryPoint":"atualizarPlaylistYoutube","source":{"storageSource":{"bucket":"gcf-v2-sources-1070248841383-southamerica-east1","object":"atualizarPlaylistYoutube/function-source.zip","generation":"1781144251547635"}},"environmentVariables":{"GOOGLE_NODE_RUN_SCRIPTS":""},"serviceAccount":"projects/blu-app-camara/serviceAccounts/1070248841383-compute@developer.gserviceaccount.com","automaticUpdatePolicy":{}},"serviceConfig":{"service":"projects/blu-app-camara/locations/southamerica-east1/services/atualizarplaylistyoutube","timeoutSeconds":60,"environmentVariables":{"GMAIL_EMAIL":"blutecnologiasbr@gmail.com","FIREBASE_CONFIG":"{\"projectId\":\"blu-app-camara\",\"databaseURL\":\"https://blu-app-camara-default-rtdb.firebaseio.com\",\"storageBucket\":\"blu-app-camara.firebasestorage.app\"}","GCLOUD_PROJECT":"blu-app-camara","EVENTARC_CLOUD_EVENT_SOURCE":"projects/blu-app-camara/locations/southamerica-east1/services/atualizarPlaylistYoutube","FUNCTION_TARGET":"atualizarPlaylistYoutube","LOG_EXECUTION_ID":"true"},"ingressSettings":"ALLOW_ALL","serviceAccountEmail":"1070248841383-compute@developer.gserviceaccount.com","availableMemory":"256Mi","secretEnvironmentVariables":[{"key":"YOUTUBE_CLIENT_ID","projectId":"blu-app-camara","secret":"YOUTUBE_CLIENT_ID","version":"1"},{"key":"YOUTUBE_CLIENT_SECRET","projectId":"blu-app-camara","secret":"YOUTUBE_CLIENT_SECRET","version":"1"},{"key":"YOUTUBE_REFRESH_TOKEN","projectId":"blu-app-camara","secret":"YOUTUBE_REFRESH_TOKEN","version":"1"},{"key":"YOUTUBE_CHANNEL_ID","projectId":"blu-app-camara","secret":"YOUTUBE_CHANNEL_ID","version":"1"},{"key":"YOUTUBE_PLAYLIST_ID","projectId":"blu-app-camara","secret":"YOUTUBE_PLAYLIST_ID","version":"1"}],"maxInstanceRequestConcurrency":80,"availableCpu":"1"},"labels":{"deployment-tool":"cli-firebase","deployment-scheduled":"true","firebase-functions-hash":"c96366beff10b5ca5ab85183390f1f50ee682007"},"environment":"GEN_2"},"stages":[{"name":"BUILD","message":"Build in progress","state":"IN_PROGRESS","resource":"projects/1070248841383/locations/southamerica-east1/builds/6fb17ca8-1971-4bb4-b624-c1991660e6a2","resourceUri":"https://console.cloud.google.com/cloud-build/builds;region=southamerica-east1/6fb17ca8-1971-4bb4-b624-c1991660e6a2?project=1070248841383"},{"name":"SERVICE","state":"NOT_STARTED"}],"operationType":"CREATE_FUNCTION","buildName":"projects/1070248841383/locations/southamerica-east1/builds/6fb17ca8-1971-4bb4-b624-c1991660e6a2"},"done":false}
[debug] [2026-06-11T02:18:00.399Z] [create-default-southamerica-east1-atualizarPlaylistYoutube] Retrying task index 0
[debug] [2026-06-11T02:18:00.418Z] Checked if tokens are valid: true, expires at: 1781145571599
[debug] [2026-06-11T02:18:00.418Z] Checked if tokens are valid: true, expires at: 1781145571599
[debug] [2026-06-11T02:18:00.419Z] >>> [apiv2][query] GET https://cloudfunctions.googleapis.com/v2/projects/blu-app-camara/locations/southamerica-east1/operations/operation-1781144250581-653f0f65981fd-daed2466-5b499973 [none]
[debug] [2026-06-11T02:18:01.136Z] <<< [apiv2][status] GET https://cloudfunctions.googleapis.com/v2/projects/blu-app-camara/locations/southamerica-east1/operations/operation-1781144250581-653f0f65981fd-daed2466-5b499973 200
[debug] [2026-06-11T02:18:01.137Z] <<< [apiv2][body] GET https://cloudfunctions.googleapis.com/v2/projects/blu-app-camara/locations/southamerica-east1/operations/operation-1781144250581-653f0f65981fd-daed2466-5b499973 {"name":"projects/blu-app-camara/locations/southamerica-east1/operations/operation-1781144250581-653f0f65981fd-daed2466-5b499973","metadata":{"@type":"type.googleapis.com/google.cloud.functions.v2.OperationMetadata","createTime":"2026-06-11T02:17:31.986669208Z","target":"projects/blu-app-camara/locations/southamerica-east1/functions/atualizarPlaylistYoutube","verb":"create","cancelRequested":false,"apiVersion":"v2","requestResource":{"@type":"type.googleapis.com/google.cloud.functions.v2.Function","name":"projects/blu-app-camara/locations/southamerica-east1/functions/atualizarPlaylistYoutube","buildConfig":{"runtime":"nodejs20","entryPoint":"atualizarPlaylistYoutube","source":{"storageSource":{"bucket":"gcf-v2-sources-1070248841383-southamerica-east1","object":"atualizarPlaylistYoutube/function-source.zip","generation":"1781144251547635"}},"environmentVariables":{"GOOGLE_NODE_RUN_SCRIPTS":""},"serviceAccount":"projects/blu-app-camara/serviceAccounts/1070248841383-compute@developer.gserviceaccount.com","automaticUpdatePolicy":{}},"serviceConfig":{"service":"projects/blu-app-camara/locations/southamerica-east1/services/atualizarplaylistyoutube","timeoutSeconds":60,"environmentVariables":{"GMAIL_EMAIL":"blutecnologiasbr@gmail.com","FIREBASE_CONFIG":"{\"projectId\":\"blu-app-camara\",\"databaseURL\":\"https://blu-app-camara-default-rtdb.firebaseio.com\",\"storageBucket\":\"blu-app-camara.firebasestorage.app\"}","GCLOUD_PROJECT":"blu-app-camara","EVENTARC_CLOUD_EVENT_SOURCE":"projects/blu-app-camara/locations/southamerica-east1/services/atualizarPlaylistYoutube","FUNCTION_TARGET":"atualizarPlaylistYoutube","LOG_EXECUTION_ID":"true"},"ingressSettings":"ALLOW_ALL","serviceAccountEmail":"1070248841383-compute@developer.gserviceaccount.com","availableMemory":"256Mi","secretEnvironmentVariables":[{"key":"YOUTUBE_CLIENT_ID","projectId":"blu-app-camara","secret":"YOUTUBE_CLIENT_ID","version":"1"},{"key":"YOUTUBE_CLIENT_SECRET","projectId":"blu-app-camara","secret":"YOUTUBE_CLIENT_SECRET","version":"1"},{"key":"YOUTUBE_REFRESH_TOKEN","projectId":"blu-app-camara","secret":"YOUTUBE_REFRESH_TOKEN","version":"1"},{"key":"YOUTUBE_CHANNEL_ID","projectId":"blu-app-camara","secret":"YOUTUBE_CHANNEL_ID","version":"1"},{"key":"YOUTUBE_PLAYLIST_ID","projectId":"blu-app-camara","secret":"YOUTUBE_PLAYLIST_ID","version":"1"}],"maxInstanceRequestConcurrency":80,"availableCpu":"1"},"labels":{"deployment-tool":"cli-firebase","deployment-scheduled":"true","firebase-functions-hash":"c96366beff10b5ca5ab85183390f1f50ee682007"},"environment":"GEN_2"},"stages":[{"name":"BUILD","message":"Build in progress","state":"IN_PROGRESS","resource":"projects/1070248841383/locations/southamerica-east1/builds/6fb17ca8-1971-4bb4-b624-c1991660e6a2","resourceUri":"https://console.cloud.google.com/cloud-build/builds;region=southamerica-east1/6fb17ca8-1971-4bb4-b624-c1991660e6a2?project=1070248841383"},{"name":"SERVICE","state":"NOT_STARTED"}],"operationType":"CREATE_FUNCTION","buildName":"projects/1070248841383/locations/southamerica-east1/builds/6fb17ca8-1971-4bb4-b624-c1991660e6a2"},"done":false}
[debug] [2026-06-11T02:18:11.141Z] [create-default-southamerica-east1-atualizarPlaylistYoutube] Retrying task index 0
[debug] [2026-06-11T02:18:11.148Z] Checked if tokens are valid: true, expires at: 1781145571599
[debug] [2026-06-11T02:18:11.148Z] Checked if tokens are valid: true, expires at: 1781145571599
[debug] [2026-06-11T02:18:11.150Z] >>> [apiv2][query] GET https://cloudfunctions.googleapis.com/v2/projects/blu-app-camara/locations/southamerica-east1/operations/operation-1781144250581-653f0f65981fd-daed2466-5b499973 [none]
[debug] [2026-06-11T02:18:11.846Z] <<< [apiv2][status] GET https://cloudfunctions.googleapis.com/v2/projects/blu-app-camara/locations/southamerica-east1/operations/operation-1781144250581-653f0f65981fd-daed2466-5b499973 200
[debug] [2026-06-11T02:18:11.847Z] <<< [apiv2][body] GET https://cloudfunctions.googleapis.com/v2/projects/blu-app-camara/locations/southamerica-east1/operations/operation-1781144250581-653f0f65981fd-daed2466-5b499973 {"name":"projects/blu-app-camara/locations/southamerica-east1/operations/operation-1781144250581-653f0f65981fd-daed2466-5b499973","metadata":{"@type":"type.googleapis.com/google.cloud.functions.v2.OperationMetadata","createTime":"2026-06-11T02:17:31.986669208Z","target":"projects/blu-app-camara/locations/southamerica-east1/functions/atualizarPlaylistYoutube","verb":"create","cancelRequested":false,"apiVersion":"v2","requestResource":{"@type":"type.googleapis.com/google.cloud.functions.v2.Function","name":"projects/blu-app-camara/locations/southamerica-east1/functions/atualizarPlaylistYoutube","buildConfig":{"runtime":"nodejs20","entryPoint":"atualizarPlaylistYoutube","source":{"storageSource":{"bucket":"gcf-v2-sources-1070248841383-southamerica-east1","object":"atualizarPlaylistYoutube/function-source.zip","generation":"1781144251547635"}},"environmentVariables":{"GOOGLE_NODE_RUN_SCRIPTS":""},"serviceAccount":"projects/blu-app-camara/serviceAccounts/1070248841383-compute@developer.gserviceaccount.com","automaticUpdatePolicy":{}},"serviceConfig":{"service":"projects/blu-app-camara/locations/southamerica-east1/services/atualizarplaylistyoutube","timeoutSeconds":60,"environmentVariables":{"GMAIL_EMAIL":"blutecnologiasbr@gmail.com","FIREBASE_CONFIG":"{\"projectId\":\"blu-app-camara\",\"databaseURL\":\"https://blu-app-camara-default-rtdb.firebaseio.com\",\"storageBucket\":\"blu-app-camara.firebasestorage.app\"}","GCLOUD_PROJECT":"blu-app-camara","EVENTARC_CLOUD_EVENT_SOURCE":"projects/blu-app-camara/locations/southamerica-east1/services/atualizarPlaylistYoutube","FUNCTION_TARGET":"atualizarPlaylistYoutube","LOG_EXECUTION_ID":"true"},"ingressSettings":"ALLOW_ALL","serviceAccountEmail":"1070248841383-compute@developer.gserviceaccount.com","availableMemory":"256Mi","secretEnvironmentVariables":[{"key":"YOUTUBE_CLIENT_ID","projectId":"blu-app-camara","secret":"YOUTUBE_CLIENT_ID","version":"1"},{"key":"YOUTUBE_CLIENT_SECRET","projectId":"blu-app-camara","secret":"YOUTUBE_CLIENT_SECRET","version":"1"},{"key":"YOUTUBE_REFRESH_TOKEN","projectId":"blu-app-camara","secret":"YOUTUBE_REFRESH_TOKEN","version":"1"},{"key":"YOUTUBE_CHANNEL_ID","projectId":"blu-app-camara","secret":"YOUTUBE_CHANNEL_ID","version":"1"},{"key":"YOUTUBE_PLAYLIST_ID","projectId":"blu-app-camara","secret":"YOUTUBE_PLAYLIST_ID","version":"1"}],"maxInstanceRequestConcurrency":80,"availableCpu":"1"},"labels":{"deployment-tool":"cli-firebase","deployment-scheduled":"true","firebase-functions-hash":"c96366beff10b5ca5ab85183390f1f50ee682007"},"environment":"GEN_2"},"stages":[{"name":"BUILD","message":"Build in progress","state":"IN_PROGRESS","resource":"projects/1070248841383/locations/southamerica-east1/builds/6fb17ca8-1971-4bb4-b624-c1991660e6a2","resourceUri":"https://console.cloud.google.com/cloud-build/builds;region=southamerica-east1/6fb17ca8-1971-4bb4-b624-c1991660e6a2?project=1070248841383"},{"name":"SERVICE","state":"NOT_STARTED"}],"operationType":"CREATE_FUNCTION","buildName":"projects/1070248841383/locations/southamerica-east1/builds/6fb17ca8-1971-4bb4-b624-c1991660e6a2"},"done":false}
[debug] [2026-06-11T02:18:21.862Z] [create-default-southamerica-east1-atualizarPlaylistYoutube] Retrying task index 0
[debug] [2026-06-11T02:18:21.866Z] Checked if tokens are valid: true, expires at: 1781145571599
[debug] [2026-06-11T02:18:21.866Z] Checked if tokens are valid: true, expires at: 1781145571599
[debug] [2026-06-11T02:18:21.867Z] >>> [apiv2][query] GET https://cloudfunctions.googleapis.com/v2/projects/blu-app-camara/locations/southamerica-east1/operations/operation-1781144250581-653f0f65981fd-daed2466-5b499973 [none]
[debug] [2026-06-11T02:18:22.524Z] <<< [apiv2][status] GET https://cloudfunctions.googleapis.com/v2/projects/blu-app-camara/locations/southamerica-east1/operations/operation-1781144250581-653f0f65981fd-daed2466-5b499973 200
[debug] [2026-06-11T02:18:22.530Z] <<< [apiv2][body] GET https://cloudfunctions.googleapis.com/v2/projects/blu-app-camara/locations/southamerica-east1/operations/operation-1781144250581-653f0f65981fd-daed2466-5b499973 {"name":"projects/blu-app-camara/locations/southamerica-east1/operations/operation-1781144250581-653f0f65981fd-daed2466-5b499973","metadata":{"@type":"type.googleapis.com/google.cloud.functions.v2.OperationMetadata","createTime":"2026-06-11T02:17:31.986669208Z","target":"projects/blu-app-camara/locations/southamerica-east1/functions/atualizarPlaylistYoutube","verb":"create","cancelRequested":false,"apiVersion":"v2","requestResource":{"@type":"type.googleapis.com/google.cloud.functions.v2.Function","name":"projects/blu-app-camara/locations/southamerica-east1/functions/atualizarPlaylistYoutube","buildConfig":{"runtime":"nodejs20","entryPoint":"atualizarPlaylistYoutube","source":{"storageSource":{"bucket":"gcf-v2-sources-1070248841383-southamerica-east1","object":"atualizarPlaylistYoutube/function-source.zip","generation":"1781144251547635"}},"environmentVariables":{"GOOGLE_NODE_RUN_SCRIPTS":""},"serviceAccount":"projects/blu-app-camara/serviceAccounts/1070248841383-compute@developer.gserviceaccount.com","automaticUpdatePolicy":{}},"serviceConfig":{"service":"projects/blu-app-camara/locations/southamerica-east1/services/atualizarplaylistyoutube","timeoutSeconds":60,"environmentVariables":{"GMAIL_EMAIL":"blutecnologiasbr@gmail.com","FIREBASE_CONFIG":"{\"projectId\":\"blu-app-camara\",\"databaseURL\":\"https://blu-app-camara-default-rtdb.firebaseio.com\",\"storageBucket\":\"blu-app-camara.firebasestorage.app\"}","GCLOUD_PROJECT":"blu-app-camara","EVENTARC_CLOUD_EVENT_SOURCE":"projects/blu-app-camara/locations/southamerica-east1/services/atualizarPlaylistYoutube","FUNCTION_TARGET":"atualizarPlaylistYoutube","LOG_EXECUTION_ID":"true"},"ingressSettings":"ALLOW_ALL","serviceAccountEmail":"1070248841383-compute@developer.gserviceaccount.com","availableMemory":"256Mi","secretEnvironmentVariables":[{"key":"YOUTUBE_CLIENT_ID","projectId":"blu-app-camara","secret":"YOUTUBE_CLIENT_ID","version":"1"},{"key":"YOUTUBE_CLIENT_SECRET","projectId":"blu-app-camara","secret":"YOUTUBE_CLIENT_SECRET","version":"1"},{"key":"YOUTUBE_REFRESH_TOKEN","projectId":"blu-app-camara","secret":"YOUTUBE_REFRESH_TOKEN","version":"1"},{"key":"YOUTUBE_CHANNEL_ID","projectId":"blu-app-camara","secret":"YOUTUBE_CHANNEL_ID","version":"1"},{"key":"YOUTUBE_PLAYLIST_ID","projectId":"blu-app-camara","secret":"YOUTUBE_PLAYLIST_ID","version":"1"}],"maxInstanceRequestConcurrency":80,"availableCpu":"1"},"labels":{"deployment-tool":"cli-firebase","deployment-scheduled":"true","firebase-functions-hash":"c96366beff10b5ca5ab85183390f1f50ee682007"},"environment":"GEN_2"},"stages":[{"name":"BUILD","message":"Build in progress","state":"IN_PROGRESS","resource":"projects/1070248841383/locations/southamerica-east1/builds/6fb17ca8-1971-4bb4-b624-c1991660e6a2","resourceUri":"https://console.cloud.google.com/cloud-build/builds;region=southamerica-east1/6fb17ca8-1971-4bb4-b624-c1991660e6a2?project=1070248841383"},{"name":"SERVICE","state":"NOT_STARTED"}],"operationType":"CREATE_FUNCTION","buildName":"projects/1070248841383/locations/southamerica-east1/builds/6fb17ca8-1971-4bb4-b624-c1991660e6a2"},"done":false}
[debug] [2026-06-11T02:18:32.534Z] [create-default-southamerica-east1-atualizarPlaylistYoutube] Retrying task index 0
[debug] [2026-06-11T02:18:32.536Z] Checked if tokens are valid: true, expires at: 1781145571599
[debug] [2026-06-11T02:18:32.536Z] Checked if tokens are valid: true, expires at: 1781145571599
[debug] [2026-06-11T02:18:32.537Z] >>> [apiv2][query] GET https://cloudfunctions.googleapis.com/v2/projects/blu-app-camara/locations/southamerica-east1/operations/operation-1781144250581-653f0f65981fd-daed2466-5b499973 [none]
[debug] [2026-06-11T02:18:33.138Z] <<< [apiv2][status] GET https://cloudfunctions.googleapis.com/v2/projects/blu-app-camara/locations/southamerica-east1/operations/operation-1781144250581-653f0f65981fd-daed2466-5b499973 200
[debug] [2026-06-11T02:18:33.138Z] <<< [apiv2][body] GET https://cloudfunctions.googleapis.com/v2/projects/blu-app-camara/locations/southamerica-east1/operations/operation-1781144250581-653f0f65981fd-daed2466-5b499973 {"name":"projects/blu-app-camara/locations/southamerica-east1/operations/operation-1781144250581-653f0f65981fd-daed2466-5b499973","metadata":{"@type":"type.googleapis.com/google.cloud.functions.v2.OperationMetadata","createTime":"2026-06-11T02:17:31.986669208Z","target":"projects/blu-app-camara/locations/southamerica-east1/functions/atualizarPlaylistYoutube","verb":"create","cancelRequested":false,"apiVersion":"v2","requestResource":{"@type":"type.googleapis.com/google.cloud.functions.v2.Function","name":"projects/blu-app-camara/locations/southamerica-east1/functions/atualizarPlaylistYoutube","buildConfig":{"runtime":"nodejs20","entryPoint":"atualizarPlaylistYoutube","source":{"storageSource":{"bucket":"gcf-v2-sources-1070248841383-southamerica-east1","object":"atualizarPlaylistYoutube/function-source.zip","generation":"1781144251547635"}},"environmentVariables":{"GOOGLE_NODE_RUN_SCRIPTS":""},"serviceAccount":"projects/blu-app-camara/serviceAccounts/1070248841383-compute@developer.gserviceaccount.com","automaticUpdatePolicy":{}},"serviceConfig":{"service":"projects/blu-app-camara/locations/southamerica-east1/services/atualizarplaylistyoutube","timeoutSeconds":60,"environmentVariables":{"GMAIL_EMAIL":"blutecnologiasbr@gmail.com","FIREBASE_CONFIG":"{\"projectId\":\"blu-app-camara\",\"databaseURL\":\"https://blu-app-camara-default-rtdb.firebaseio.com\",\"storageBucket\":\"blu-app-camara.firebasestorage.app\"}","GCLOUD_PROJECT":"blu-app-camara","EVENTARC_CLOUD_EVENT_SOURCE":"projects/blu-app-camara/locations/southamerica-east1/services/atualizarPlaylistYoutube","FUNCTION_TARGET":"atualizarPlaylistYoutube","LOG_EXECUTION_ID":"true"},"ingressSettings":"ALLOW_ALL","serviceAccountEmail":"1070248841383-compute@developer.gserviceaccount.com","availableMemory":"256Mi","secretEnvironmentVariables":[{"key":"YOUTUBE_CLIENT_ID","projectId":"blu-app-camara","secret":"YOUTUBE_CLIENT_ID","version":"1"},{"key":"YOUTUBE_CLIENT_SECRET","projectId":"blu-app-camara","secret":"YOUTUBE_CLIENT_SECRET","version":"1"},{"key":"YOUTUBE_REFRESH_TOKEN","projectId":"blu-app-camara","secret":"YOUTUBE_REFRESH_TOKEN","version":"1"},{"key":"YOUTUBE_CHANNEL_ID","projectId":"blu-app-camara","secret":"YOUTUBE_CHANNEL_ID","version":"1"},{"key":"YOUTUBE_PLAYLIST_ID","projectId":"blu-app-camara","secret":"YOUTUBE_PLAYLIST_ID","version":"1"}],"maxInstanceRequestConcurrency":80,"availableCpu":"1"},"labels":{"deployment-tool":"cli-firebase","deployment-scheduled":"true","firebase-functions-hash":"c96366beff10b5ca5ab85183390f1f50ee682007"},"environment":"GEN_2"},"stages":[{"name":"BUILD","message":"Build finished","state":"COMPLETE","resource":"projects/1070248841383/locations/southamerica-east1/builds/6fb17ca8-1971-4bb4-b624-c1991660e6a2","resourceUri":"https://console.cloud.google.com/cloud-build/builds;region=southamerica-east1/6fb17ca8-1971-4bb4-b624-c1991660e6a2?project=1070248841383"},{"name":"SERVICE","message":"Creating Cloud Run service","state":"IN_PROGRESS","resource":"projects/blu-app-camara/locations/southamerica-east1/services/atualizarplaylistyoutube","resourceUri":"https://console.cloud.google.com/run/detail/southamerica-east1/atualizarplaylistyoutube?project=blu-app-camara"}],"sourceToken":"Cl9wcm9qZWN0cy8xMDcwMjQ4ODQxMzgzL2xvY2F0aW9ucy9zb3V0aGFtZXJpY2EtZWFzdDEvYnVpbGRzLzZmYjE3Y2E4LTE5NzEtNGJiNC1iNjI0LWMxOTkxNjYwZTZhMhKKAXNvdXRoYW1lcmljYS1lYXN0MS1kb2NrZXIucGtnLmRldi9ibHUtYXBwLWNhbWFyYS9nY2YtYXJ0aWZhY3RzL2JsdS0tYXBwLS1jYW1hcmFfX3NvdXRoYW1lcmljYS0tZWFzdDFfX2F0dWFsaXphcl9wbGF5bGlzdF95b3V0dWJlOnZlcnNpb25fMRinobX+kh8iV3Byb2plY3RzL2JsdS1hcHAtY2FtYXJhL2xvY2F0aW9ucy9zb3V0aGFtZXJpY2EtZWFzdDEvZnVuY3Rpb25zL2F0dWFsaXphclBsYXlsaXN0WW91dHViZSoMCPi1qNEGEIiQ4KUBMghub2RlanMyMDp9CiNnY3IuaW8vZ2FlLXJ1bnRpbWVzL25vZGVqczIwOnN0YWJsZRJWc291dGhhbWVyaWNhLWVhc3QxLWRvY2tlci5wa2cuZGV2L3NlcnZlcmxlc3MtcnVudGltZXMvZ29vZ2xlLTIyLWZ1bGwvcnVudGltZXMvbm9kZWpzMjBAAQ==","operationType":"CREATE_FUNCTION","buildName":"projects/1070248841383/locations/southamerica-east1/builds/6fb17ca8-1971-4bb4-b624-c1991660e6a2"},"done":false}
[debug] [2026-06-11T02:18:33.138Z] Got source token Cl9wcm9qZWN0cy8xMDcwMjQ4ODQxMzgzL2xvY2F0aW9ucy9zb3V0aGFtZXJpY2EtZWFzdDEvYnVpbGRzLzZmYjE3Y2E4LTE5NzEtNGJiNC1iNjI0LWMxOTkxNjYwZTZhMhKKAXNvdXRoYW1lcmljYS1lYXN0MS1kb2NrZXIucGtnLmRldi9ibHUtYXBwLWNhbWFyYS9nY2YtYXJ0aWZhY3RzL2JsdS0tYXBwLS1jYW1hcmFfX3NvdXRoYW1lcmljYS0tZWFzdDFfX2F0dWFsaXphcl9wbGF5bGlzdF95b3V0dWJlOnZlcnNpb25fMRinobX+kh8iV3Byb2plY3RzL2JsdS1hcHAtY2FtYXJhL2xvY2F0aW9ucy9zb3V0aGFtZXJpY2EtZWFzdDEvZnVuY3Rpb25zL2F0dWFsaXphclBsYXlsaXN0WW91dHViZSoMCPi1qNEGEIiQ4KUBMghub2RlanMyMDp9CiNnY3IuaW8vZ2FlLXJ1bnRpbWVzL25vZGVqczIwOnN0YWJsZRJWc291dGhhbWVyaWNhLWVhc3QxLWRvY2tlci5wa2cuZGV2L3NlcnZlcmxlc3MtcnVudGltZXMvZ29vZ2xlLTIyLWZ1bGwvcnVudGltZXMvbm9kZWpzMjBAAQ== for region southamerica-east1
[debug] [2026-06-11T02:18:43.142Z] [create-default-southamerica-east1-atualizarPlaylistYoutube] Retrying task index 0
[debug] [2026-06-11T02:18:43.149Z] Checked if tokens are valid: true, expires at: 1781145571599
[debug] [2026-06-11T02:18:43.149Z] Checked if tokens are valid: true, expires at: 1781145571599
[debug] [2026-06-11T02:18:43.149Z] >>> [apiv2][query] GET https://cloudfunctions.googleapis.com/v2/projects/blu-app-camara/locations/southamerica-east1/operations/operation-1781144250581-653f0f65981fd-daed2466-5b499973 [none]
